dedup_key,n_records,master_record_id,record_ids,sources,doi,pmid
10.1001/jamanetworkopen.2021.4103,1,R00915,R00915,CINAHL (EBSCO),10.1001/jamanetworkopen.2021.4103,
10.1001/jamanetworkopen.2022.28524,1,R00913,R00913,CINAHL (EBSCO),10.1001/jamanetworkopen.2022.28524,
10.1001/jamaoncol.2019.4782,1,R00881,R00881,CINAHL (EBSCO),10.1001/jamaoncol.2019.4782,
10.1001/jamaoncol.2020.2535,1,R00877,R00877,CINAHL (EBSCO),10.1001/jamaoncol.2020.2535,
10.1001/jamaoncol.2021.1371,1,R00174,R00174,Web of Science,10.1001/jamaoncol.2021.1371,34014249.0
10.1001/jamaoncol.2022.7949,1,R00861,R00861,CINAHL (EBSCO),10.1001/jamaoncol.2022.7949,
10.1001/jamaoncol.2023.2150,1,R00862,R00862,CINAHL (EBSCO),10.1001/jamaoncol.2023.2150,
10.1002/cam4.3277,1,R00338,R00338,Scopus,10.1002/cam4.3277,
10.1002/cncr.21227,1,R00714,R00714,Scopus,10.1002/cncr.21227,
10.1002/cncr.28815,1,R00419,R00419,Scopus,10.1002/cncr.28815,
10.1002/cpt.552,1,R00389,R00389,Scopus,10.1002/cpt.552,
10.1002/ejsc.12047,1,R00970,R00970,SPORTDiscus (EBSCO),10.1002/ejsc.12047,
10.1002/j.1552-4604.1986.tb02942.x,1,R00836,R00836,Scopus,10.1002/j.1552-4604.1986.tb02942.x,
10.1002/jbm.a.32734,2,R00208,R00208;R00541,Scopus;Web of Science,10.1002/jbm.a.32734,20225211.0
10.1002/jcph.70077,1,R00231,R00231,Scopus,10.1002/jcph.70077,
10.1002/med.20209,1,R00500,R00500,Scopus,10.1002/med.20209,
10.1002/med.20239,1,R00493,R00493,Scopus,10.1002/med.20239,
10.1002/med.21364,2,R00183,R00183;R00400,Scopus;Web of Science,10.1002/med.21364,26286294.0
10.1002/pbc.27516,1,R00364,R00364,Scopus,10.1002/pbc.27516,
10.1002/pri.1939,1,R00992,R00992,SPORTDiscus (EBSCO),10.1002/pri.1939,
10.1007/978-3-030-23765-3_1,1,R00346,R00346,Scopus,10.1007/978-3-030-23765-3_1,
10.1007/978-3-0346-0094-1_6,1,R00533,R00533,Scopus,10.1007/978-3-0346-0094-1_6,
10.1007/978-981-10-4304-8_8,1,R00376,R00376,Scopus,10.1007/978-981-10-4304-8_8,
10.1007/bf00172021,3,R00204,R00204;R00834;R00020,Scopus;Web of Science;PubMed,10.1007/bf00172021,3516918.0
10.1007/bf00254555,1,R00839,R00839,Scopus,10.1007/bf00254555,
10.1007/bf00665975,1,R00817,R00817,Scopus,10.1007/bf00665975,
10.1007/bf02967479,1,R00779,R00779,Scopus,10.1007/bf02967479,
10.1007/s00204-022-03341-y,3,R00030,R00030;R00106;R00298,PubMed;Scopus;Web of Science,10.1007/s00204-022-03341-y,35876889.0
10.1007/s00213-014-3636-9,1,R01069,R01069,SPORTDiscus (EBSCO),10.1007/s00213-014-3636-9,
10.1007/s00213-021-05977-7,1,R01032,R01032,SPORTDiscus (EBSCO),10.1007/s00213-021-05977-7,
10.1007/s00213-023-06357-z,1,R01016,R01016,SPORTDiscus (EBSCO),10.1007/s00213-023-06357-z,
10.1007/s00280-001-0405-3,1,R00765,R00765,Scopus,10.1007/s00280-001-0405-3,
10.1007/s00280-006-0240-7,2,R00201,R00201;R00684,Scopus;Web of Science,10.1007/s00280-006-0240-7,16642371.0
10.1007/s00280-009-0958-0,1,R00590,R00590,Scopus,10.1007/s00280-009-0958-0,
10.1007/s00280-009-0967-z,1,R00111,R00111,Web of Science,10.1007/s00280-009-0967-z,19352663.0
10.1007/s00280-009-1081-y,1,R00559,R00559,Scopus,10.1007/s00280-009-1081-y,
10.1007/s00280-009-1208-1,1,R00558,R00558,Scopus,10.1007/s00280-009-1208-1,
10.1007/s00280-025-04795-4,2,R00176,R00176;R00230,Scopus;Web of Science,10.1007/s00280-025-04795-4,40622424.0
10.1007/s002800000177,1,R00789,R00789,Scopus,10.1007/s002800000177,
10.1007/s002800050975,1,R00791,R00791,Scopus,10.1007/s002800050975,
10.1007/s00394-017-1382-6,1,R01060,R01060,SPORTDiscus (EBSCO),10.1007/s00394-017-1382-6,
10.1007/s00394-017-1510-3,1,R01065,R01065,SPORTDiscus (EBSCO),10.1007/s00394-017-1510-3,
10.1007/s00394-018-1864-1,1,R01055,R01055,SPORTDiscus (EBSCO),10.1007/s00394-018-1864-1,
10.1007/s00404-012-2335-1,1,R00476,R00476,Scopus,10.1007/s00404-012-2335-1,
10.1007/s00432-016-2259-4,1,R00163,R00163,Web of Science,10.1007/s00432-016-2259-4,27620743.0
10.1007/s00508-010-1373-6,1,R00573,R00573,Scopus,10.1007/s00508-010-1373-6,
10.1007/s00520-017-3856-8,4,R00016,R00016;R00052;R00373;R00859,CINAHL (EBSCO);PubMed;Scopus;Web of Science,10.1007/s00520-017-3856-8,28840334.0
10.1007/s00520-019-04813-1,1,R01126,R01126,CENTRAL (trials export),10.1007/s00520-019-04813-1,
10.1007/s00520-022-07268-z,1,R00852,R00852,CINAHL (EBSCO),10.1007/s00520-022-07268-z,
10.1007/s00520-023-07786-4,1,R01147,R01147,CENTRAL (trials export),10.1007/s00520-023-07786-4,
10.1007/s00761-009-1648-6,1,R00595,R00595,Scopus,10.1007/s00761-009-1648-6,
10.1007/s10147-006-0575-4,1,R00697,R00697,Scopus,10.1007/s10147-006-0575-4,
10.1007/s10147-010-0073-6,1,R00543,R00543,Scopus,10.1007/s10147-010-0073-6,
10.1007/s10147-010-0107-0,1,R00542,R00542,Scopus,10.1007/s10147-010-0107-0,
10.1007/s10544-008-9209-0,1,R00622,R00622,Scopus,10.1007/s10544-008-9209-0,
10.1007/s10549-006-9307-8,1,R00678,R00678,Scopus,10.1007/s10549-006-9307-8,
10.1007/s10549-007-9636-2,1,R00642,R00642,Scopus,10.1007/s10549-007-9636-2,
10.1007/s10549-008-0032-3,1,R00606,R00606,Scopus,10.1007/s10549-008-0032-3,
10.1007/s10549-008-0232-x,1,R00623,R00623,Scopus,10.1007/s10549-008-0232-x,
10.1007/s10549-011-1850-2,1,R00490,R00490,Scopus,10.1007/s10549-011-1850-2,
10.1007/s10549-013-2658-z,1,R00131,R00131,Web of Science,10.1007/s10549-013-2658-z,23942848.0
10.1007/s10549-013-2808-3,1,R00073,R00073,Web of Science,10.1007/s10549-013-2808-3,24337598.0
10.1007/s10549-016-3750-y,1,R00143,R00143,Web of Science,10.1007/s10549-016-3750-y,26975189.0
10.1007/s10549-017-4554-4,4,R00027,R00027;R00102;R00366;R01086,CENTRAL (trials export);PubMed;Scopus;Web of Science,10.1007/s10549-017-4554-4,29110150.0
10.1007/s10549-018-05100-z,2,R00132,R00132;R00355,Scopus;Web of Science,10.1007/s10549-018-05100-z,30607629.0
10.1007/s10549-020-05824-x,4,R00017,R00017;R00189;R00335;R01117,CENTRAL (trials export);PubMed;Scopus;Web of Science,10.1007/s10549-020-05824-x,32816189.0
10.1007/s10549-024-07322-w,1,R00254,R00254,Scopus,10.1007/s10549-024-07322-w,
10.1007/s10637-008-9151-2,1,R00612,R00612,Scopus,10.1007/s10637-008-9151-2,
10.1007/s10637-012-9885-8,1,R00223,R00223,Web of Science,10.1007/s10637-012-9885-8,23054212.0
10.1007/s10741-008-9124-8,1,R00545,R00545,Scopus,10.1007/s10741-008-9124-8,
10.1007/s10911-010-9166-0,1,R00557,R00557,Scopus,10.1007/s10911-010-9166-0,
10.1007/s11010-021-04152-y,1,R00329,R00329,Scopus,10.1007/s11010-021-04152-y,
10.1007/s11523-013-0279-4,1,R00449,R00449,Scopus,10.1007/s11523-013-0279-4,
10.1007/s11523-013-0287-4,1,R00110,R00110,Web of Science,10.1007/s11523-013-0287-4,23852665.0
10.1007/s11523-017-0535-0,1,R00375,R00375,Scopus,10.1007/s11523-017-0535-0,
10.1007/s11864-007-0008-2,1,R00669,R00669,Scopus,10.1007/s11864-007-0008-2,
10.1007/s11864-010-0121-5,2,R00069,R00069;R00571,Scopus;Web of Science,10.1007/s11864-010-0121-5,20645033.0
10.1007/s11864-010-0132-2,1,R00064,R00064,Web of Science,10.1007/s11864-010-0132-2,21107922.0
10.1007/s11864-013-0248-2,1,R00926,R00926,CINAHL (EBSCO),10.1007/s11864-013-0248-2,
10.1007/s11864-015-0341-9,1,R00412,R00412,Scopus,10.1007/s11864-015-0341-9,
10.1007/s11864-019-0646-1,1,R00352,R00352,Scopus,10.1007/s11864-019-0646-1,
10.1007/s11864-023-01108-w,1,R00277,R00277,Scopus,10.1007/s11864-023-01108-w,
10.1007/s11886-025-02283-y,1,R00207,R00207,Web of Science,10.1007/s11886-025-02283-y,40924255.0
10.1007/s11897-024-00662-0,1,R00258,R00258,Scopus,10.1007/s11897-024-00662-0,
10.1007/s11912-008-0004-0,1,R00664,R00664,Scopus,10.1007/s11912-008-0004-0,
10.1007/s11912-018-0681-2,2,R00120,R00120;R00372,Scopus;Web of Science,10.1007/s11912-018-0681-2,29525828.0
10.1007/s11912-018-0710-1,2,R00059,R00059;R00369,Scopus;Web of Science,10.1007/s11912-018-0710-1,29876677.0
10.1007/s11912-020-00923-w,1,R00068,R00068,Web of Science,10.1007/s11912-020-00923-w,32564220.0
10.1007/s11936-013-0248-3,1,R00446,R00446,Scopus,10.1007/s11936-013-0248-3,
10.1007/s11936-015-0421-y,1,R00405,R00405,Scopus,10.1007/s11936-015-0421-y,
10.1007/s11936-016-0458-6,1,R00396,R00396,Scopus,10.1007/s11936-016-0458-6,
10.1007/s12094-015-1410-z,1,R00397,R00397,Scopus,10.1007/s12094-015-1410-z,
10.1007/s12170-013-0319-8,1,R00447,R00447,Scopus,10.1007/s12170-013-0319-8,
10.1007/s12253-008-9018-z,2,R00100,R00100;R00646,Scopus;Web of Science,10.1007/s12253-008-9018-z,18409020.0
10.1007/s12282-010-0224-7,1,R00521,R00521,Scopus,10.1007/s12282-010-0224-7,
10.1007/s12325-011-0050-0,1,R00513,R00513,Scopus,10.1007/s12325-011-0050-0,
10.1007/s12529-012-9247-0,1,R01057,R01057,SPORTDiscus (EBSCO),10.1007/s12529-012-9247-0,
10.1007/s12609-010-0003-7,1,R00556,R00556,Scopus,10.1007/s12609-010-0003-7,
10.1007/s12609-011-0068-y,1,R00485,R00485,Scopus,10.1007/s12609-011-0068-y,
10.1007/s12609-012-0097-1,1,R00460,R00460,Scopus,10.1007/s12609-012-0097-1,
10.1007/s12609-014-0147-y,1,R00430,R00430,Scopus,10.1007/s12609-014-0147-y,
10.1007/s13167-024-00358-4,1,R00259,R00259,Scopus,10.1007/s13167-024-00358-4,
10.1007/s13346-024-01648-0,1,R00243,R00243,Scopus,10.1007/s13346-024-01648-0,
10.1007/s40261-018-0719-0,1,R00122,R00122,Web of Science,10.1007/s40261-018-0719-0,30370488.0
10.1007/s40264-018-0772-x,1,R00361,R00361,Scopus,10.1007/s40264-018-0772-x,
10.1007/s40264-023-01328-x,1,R00274,R00274,Scopus,10.1007/s40264-023-01328-x,
10.1007/s40265-013-0119-y,1,R00462,R00462,Scopus,10.1007/s40265-013-0119-y,
10.1007/s40265-024-02144-y,1,R00869,R00869,CINAHL (EBSCO),10.1007/s40265-024-02144-y,
10.1007/s42978-023-00256-7,2,R00191,R00191;R00240,Scopus;Web of Science,10.1007/s42978-023-00256-7,
10.1016/0305-7372(85)90011-8,1,R00837,R00837,Scopus,10.1016/0305-7372(85)90011-8,
10.1016/0305-7372(95)90001-2,1,R00820,R00820,Scopus,10.1016/0305-7372(95)90001-2,
10.1016/0305-7372(95)90017-9,1,R00819,R00819,Scopus,10.1016/0305-7372(95)90017-9,
10.1016/1040-8428(92)90056-v,1,R00833,R00833,Scopus,10.1016/1040-8428(92)90056-v,
10.1016/j.addr.2009.11.028,1,R00560,R00560,Scopus,10.1016/j.addr.2009.11.028,
10.1016/j.aehs.2025.05.002,1,R00973,R00973,SPORTDiscus (EBSCO),10.1016/j.aehs.2025.05.002,
10.1016/j.ahj.2024.10.021,1,R00238,R00238,Scopus,10.1016/j.ahj.2024.10.021,
10.1016/j.ahj.2025.09.009,5,R00041,R00041;R00193;R00225;R01145;R01159,CENTRAL (trials export);PubMed;Scopus;Web of Science,10.1016/j.ahj.2025.09.009,40967296.0
10.1016/j.amjcard.2013.08.026,2,R00211,R00211;R00436,Scopus;Web of Science,10.1016/j.amjcard.2013.08.026,24075281.0
10.1016/j.annonc.2024.07.245,1,R00250,R00250,Scopus,10.1016/j.annonc.2024.07.245,
10.1016/j.apmr.2016.09.028,1,R01114,R01114,CENTRAL (trials export),10.1016/j.apmr.2016.09.028,
10.1016/j.arrct.2025.100541,1,R00227,R00227,Scopus,10.1016/j.arrct.2025.100541,
10.1016/j.bbacli.2016.06.001,2,R00210,R00210;R00391,Scopus;Web of Science,10.1016/j.bbacli.2016.06.001,27413695.0
10.1016/j.bbagen.2011.07.016,1,R00486,R00486,Scopus,10.1016/j.bbagen.2011.07.016,
10.1016/j.bbcan.2022.188678,2,R00123,R00123;R00315,Scopus;Web of Science,10.1016/j.bbcan.2022.188678,35026309.0
10.1016/j.biopha.2017.09.059,1,R00379,R00379,Scopus,10.1016/j.biopha.2017.09.059,
10.1016/j.biopha.2024.116478,1,R00262,R00262,Scopus,10.1016/j.biopha.2024.116478,
10.1016/j.breast.2010.11.008,1,R00532,R00532,Scopus,10.1016/j.breast.2010.11.008,
10.1016/j.breast.2012.09.008,1,R00467,R00467,Scopus,10.1016/j.breast.2012.09.008,
10.1016/j.breast.2013.09.006,1,R00427,R00427,Scopus,10.1016/j.breast.2013.09.006,
10.1016/j.breast.2014.07.003,1,R00162,R00162,Web of Science,10.1016/j.breast.2014.07.003,25065668.0
10.1016/j.breast.2016.07.017,1,R00142,R00142,Web of Science,10.1016/j.breast.2016.07.017,27498129.0
10.1016/j.canlet.2009.03.013,1,R00594,R00594,Scopus,10.1016/j.canlet.2009.03.013,
10.1016/j.ccl.2024.08.005,1,R00239,R00239,Scopus,10.1016/j.ccl.2024.08.005,
10.1016/j.chemphyslip.2022.105194,1,R00166,R00166,Web of Science,10.1016/j.chemphyslip.2022.105194,35288126.0
10.1016/j.cjca.2021.07.151,1,R01140,R01140,CENTRAL (trials export),10.1016/j.cjca.2021.07.151,
10.1016/j.cjca.2023.06.102,1,R01124,R01124,CENTRAL (trials export),10.1016/j.cjca.2023.06.102,
10.1016/j.clbc.2011.07.001,1,R00498,R00498,Scopus,10.1016/j.clbc.2011.07.001,
10.1016/j.clbc.2014.09.007,2,R00178,R00178;R00414,Scopus;Web of Science,10.1016/j.clbc.2014.09.007,25640059.0
10.1016/j.clbc.2018.01.008,1,R00898,R00898,CINAHL (EBSCO),10.1016/j.clbc.2018.01.008,
10.1016/j.clbc.2018.12.017,4,R00019,R00019;R00173;R00353;R00878,CINAHL (EBSCO);PubMed;Scopus;Web of Science,10.1016/j.clbc.2018.12.017,30745109.0
10.1016/j.clinthera.2008.08.008,1,R00634,R00634,Scopus,10.1016/j.clinthera.2008.08.008,
10.1016/j.clnu.2024.07.002,1,R00856,R00856,CINAHL (EBSCO),10.1016/j.clnu.2024.07.002,
10.1016/j.clon.2003.07.001,1,R00745,R00745,Scopus,10.1016/j.clon.2003.07.001,
10.1016/j.clon.2004.11.011,1,R00732,R00732,Scopus,10.1016/j.clon.2004.11.011,
10.1016/j.clon.2006.10.010,1,R00681,R00681,Scopus,10.1016/j.clon.2006.10.010,
10.1016/j.colsurfb.2017.07.085,1,R00380,R00380,Scopus,10.1016/j.colsurfb.2017.07.085,
10.1016/j.compbiomed.2025.111067,1,R00232,R00232,Scopus,10.1016/j.compbiomed.2025.111067,
10.1016/j.coph.2015.05.012,1,R00416,R00416,Scopus,10.1016/j.coph.2015.05.012,
10.1016/j.critrevonc.2004.05.001,1,R00738,R00738,Scopus,10.1016/j.critrevonc.2004.05.001,
10.1016/j.critrevonc.2005.12.002,1,R00695,R00695,Scopus,10.1016/j.critrevonc.2005.12.002,
10.1016/j.critrevonc.2006.01.003,1,R00694,R00694,Scopus,10.1016/j.critrevonc.2006.01.003,
10.1016/j.critrevonc.2007.07.002,1,R00644,R00644,Scopus,10.1016/j.critrevonc.2007.07.002,
10.1016/j.critrevonc.2007.12.003,1,R00641,R00641,Scopus,10.1016/j.critrevonc.2007.12.003,
10.1016/j.critrevonc.2010.01.006,1,R00526,R00526,Scopus,10.1016/j.critrevonc.2010.01.006,
10.1016/j.critrevonc.2010.01.007,1,R00538,R00538,Scopus,10.1016/j.critrevonc.2010.01.007,
10.1016/j.critrevonc.2010.06.001,1,R00520,R00520,Scopus,10.1016/j.critrevonc.2010.06.001,
10.1016/j.critrevonc.2011.06.003,1,R00480,R00480,Scopus,10.1016/j.critrevonc.2011.06.003,
10.1016/j.critrevonc.2016.04.015,1,R00395,R00395,Scopus,10.1016/j.critrevonc.2016.04.015,
10.1016/j.critrevonc.2017.10.001,1,R00377,R00377,Scopus,10.1016/j.critrevonc.2017.10.001,
10.1016/j.critrevonc.2024.104464,1,R00252,R00252,Scopus,10.1016/j.critrevonc.2024.104464,
10.1016/j.csbj.2024.12.003,1,R00242,R00242,Scopus,10.1016/j.csbj.2024.12.003,
10.1016/j.ctrv.2005.02.002,1,R00731,R00731,Scopus,10.1016/j.ctrv.2005.02.002,
10.1016/j.ctrv.2005.12.008,1,R00709,R00709,Scopus,10.1016/j.ctrv.2005.12.008,
10.1016/j.ctrv.2007.08.001,1,R00663,R00663,Scopus,10.1016/j.ctrv.2007.08.001,
10.1016/j.ctrv.2008.01.007,1,R00640,R00640,Scopus,10.1016/j.ctrv.2008.01.007,
10.1016/j.ctrv.2008.09.003,1,R00605,R00605,Scopus,10.1016/j.ctrv.2008.09.003,
10.1016/j.ctrv.2009.06.002,1,R00588,R00588,Scopus,10.1016/j.ctrv.2009.06.002,
10.1016/j.ctrv.2009.06.007,1,R00587,R00587,Scopus,10.1016/j.ctrv.2009.06.007,
10.1016/j.ctrv.2009.08.006,1,R00618,R00618,Scopus,10.1016/j.ctrv.2009.08.006,
10.1016/j.ctrv.2009.10.007,1,R00566,R00566,Scopus,10.1016/j.ctrv.2009.10.007,
10.1016/j.ctrv.2009.12.009,1,R00553,R00553,Scopus,10.1016/j.ctrv.2009.12.009,
10.1016/j.ctrv.2011.12.002,1,R00471,R00471,Scopus,10.1016/j.ctrv.2011.12.002,
10.1016/j.ctrv.2012.01.001,1,R00478,R00478,Scopus,10.1016/j.ctrv.2012.01.001,
10.1016/j.ctrv.2013.09.002,2,R00081,R00081;R00426,Scopus;Web of Science,10.1016/j.ctrv.2013.09.002,24080156.0
10.1016/j.ctrv.2016.09.011,1,R00932,R00932,CINAHL (EBSCO),10.1016/j.ctrv.2016.09.011,
10.1016/j.ctrv.2017.01.005,1,R00387,R00387,Scopus,10.1016/j.ctrv.2017.01.005,
10.1016/j.ctrv.2017.06.005,1,R00382,R00382,Scopus,10.1016/j.ctrv.2017.06.005,
10.1016/j.ctrv.2020.102113,1,R00933,R00933,CINAHL (EBSCO),10.1016/j.ctrv.2020.102113,
10.1016/j.ctrv.2021.102283,1,R00929,R00929,CINAHL (EBSCO),10.1016/j.ctrv.2021.102283,
10.1016/j.curobgyn.2006.01.006,1,R00699,R00699,Scopus,10.1016/j.curobgyn.2006.01.006,
10.1016/j.drudis.2013.01.010,1,R00444,R00444,Scopus,10.1016/j.drudis.2013.01.010,
10.1016/j.echo.2017.11.018,1,R00199,R00199,Web of Science,10.1016/j.echo.2017.11.018,29395626.0
10.1016/j.ejca.2010.05.003,3,R00152,R00152;R00546;R00918,CINAHL (EBSCO);Scopus;Web of Science,10.1016/j.ejca.2010.05.003,20542421.0
10.1016/j.ejca.2015.10.012,1,R00908,R00908,CINAHL (EBSCO),10.1016/j.ejca.2015.10.012,
10.1016/j.ejca.2017.08.025,1,R00378,R00378,Scopus,10.1016/j.ejca.2017.08.025,
10.1016/j.ejca.2020.04.020,1,R00885,R00885,CINAHL (EBSCO),10.1016/j.ejca.2020.04.020,
10.1016/j.ejca.2021.09.017,1,R00864,R00864,CINAHL (EBSCO),10.1016/j.ejca.2021.09.017,
10.1016/j.ejca.2023.112948,1,R00905,R00905,CINAHL (EBSCO),10.1016/j.ejca.2023.112948,
10.1016/j.ejcsup.2007.12.001,1,R00661,R00661,Scopus,10.1016/j.ejcsup.2007.12.001,
10.1016/j.ejon.2024.102698,1,R00873,R00873,CINAHL (EBSCO),10.1016/j.ejon.2024.102698,
10.1016/j.ejphar.2020.173692,1,R00332,R00332,Scopus,10.1016/j.ejphar.2020.173692,
10.1016/j.esmoop.2021.100361,2,R00147,R00147;R00313,Scopus;Web of Science,10.1016/j.esmoop.2021.100361,35026721.0
10.1016/j.esmoop.2025.105116,1,R00237,R00237,Scopus,10.1016/j.esmoop.2025.105116,
10.1016/j.esmoop.2025.105573,1,R00234,R00234,Scopus,10.1016/j.esmoop.2025.105573,
10.1016/j.fct.2024.114636,1,R00260,R00260,Scopus,10.1016/j.fct.2024.114636,
10.1016/j.freeradbiomed.2012.10.525,1,R00459,R00459,Scopus,10.1016/j.freeradbiomed.2012.10.525,
10.1016/j.hfc.2011.03.002,1,R00515,R00515,Scopus,10.1016/j.hfc.2011.03.002,
10.1016/j.hfc.2011.03.003,1,R00514,R00514,Scopus,10.1016/j.hfc.2011.03.003,
10.1016/j.hfc.2011.03.008,1,R00516,R00516,Scopus,10.1016/j.hfc.2011.03.008,
10.1016/j.hlc.2020.09.293,1,R01138,R01138,CENTRAL (trials export),10.1016/j.hlc.2020.09.293,
10.1016/j.hlc.2020.09.736,1,R01135,R01135,CENTRAL (trials export),10.1016/j.hlc.2020.09.736,
10.1016/j.ijcard.2005.07.029,1,R00692,R00692,Scopus,10.1016/j.ijcard.2005.07.029,
10.1016/j.ijcard.2017.07.037,4,R00012,R00012;R00159;R00381;R01105,CENTRAL (trials export);PubMed;Scopus;Web of Science,10.1016/j.ijcard.2017.07.037,28735755.0
10.1016/j.ijnurstu.2025.104997,2,R00167,R00167;R00860,CINAHL (EBSCO);Web of Science,10.1016/j.ijnurstu.2025.104997,39961652.0
10.1016/j.ijrobp.2021.07.771,1,R00893,R00893,CINAHL (EBSCO),10.1016/j.ijrobp.2021.07.771,
10.1016/j.jacadv.2023.100424,4,R00008,R00008;R00115;R00279;R01109,CENTRAL (trials export);PubMed;Scopus;Web of Science,10.1016/j.jacadv.2023.100424,38939428.0
10.1016/j.jacc.2013.08.002,1,R00440,R00440,Scopus,10.1016/j.jacc.2013.08.002,
10.1016/j.jaccao.2019.08.007,1,R00348,R00348,Scopus,10.1016/j.jaccao.2019.08.007,
10.1016/j.jaccao.2022.06.006,1,R00048,R00048,Web of Science,10.1016/j.jaccao.2022.06.006,36213351.0
10.1016/j.jaccao.2022.12.011,1,R00275,R00275,Scopus,10.1016/j.jaccao.2022.12.011,
10.1016/j.jaccao.2025.04.006,1,R00075,R00075,Web of Science,10.1016/j.jaccao.2025.04.006,40537190.0
10.1016/j.jaccao.2025.10.001,1,R00228,R00228,Scopus,10.1016/j.jaccao.2025.10.001,
10.1016/j.jamda.2007.11.011,1,R00662,R00662,Scopus,10.1016/j.jamda.2007.11.011,
10.1016/j.jcjd.2023.10.100,1,R01123,R01123,CENTRAL (trials export),10.1016/j.jcjd.2023.10.100,
10.1016/j.jclinane.2016.10.025,1,R00192,R00192,Web of Science,10.1016/j.jclinane.2016.10.025,28183581.0
10.1016/j.jconrel.2012.05.045,1,R00468,R00468,Scopus,10.1016/j.jconrel.2012.05.045,
10.1016/j.jgo.2017.04.001,1,R00384,R00384,Scopus,10.1016/j.jgo.2017.04.001,
10.1016/j.jgo.2023.101587,1,R00276,R00276,Scopus,10.1016/j.jgo.2023.101587,
10.1016/j.jgo.2023.101671,1,R00263,R00263,Scopus,10.1016/j.jgo.2023.101671,
10.1016/j.jjcc.2018.10.009,1,R00357,R00357,Scopus,10.1016/j.jjcc.2018.10.009,
10.1016/j.jmir.2024.101504,1,R00886,R00886,CINAHL (EBSCO),10.1016/j.jmir.2024.101504,
10.1016/j.jncc.2023.12.001,1,R00261,R00261,Scopus,10.1016/j.jncc.2023.12.001,
10.1016/j.leukres.2004.03.001,1,R00736,R00736,Scopus,10.1016/j.leukres.2004.03.001,
10.1016/j.lfs.2020.117984,1,R00212,R00212,Web of Science,10.1016/j.lfs.2020.117984,32593707.0
10.1016/j.maturitas.2024.107932,1,R00084,R00084,Web of Science,10.1016/j.maturitas.2024.107932,38325133.0
10.1016/j.mayocp.2018.03.025,1,R00370,R00370,Scopus,10.1016/j.mayocp.2018.03.025,
10.1016/j.mehy.2005.11.005,1,R00702,R00702,Scopus,10.1016/j.mehy.2005.11.005,
10.1016/j.mito.2021.11.002,1,R00316,R00316,Scopus,10.1016/j.mito.2021.11.002,
10.1016/j.mpmed.2007.10.012,1,R00666,R00666,Scopus,10.1016/j.mpmed.2007.10.012,
10.1016/j.nutres.2024.09.004,1,R00854,R00854,CINAHL (EBSCO),10.1016/j.nutres.2024.09.004,
10.1016/j.ogrm.2011.09.010,1,R00506,R00506,Scopus,10.1016/j.ogrm.2011.09.010,
10.1016/j.pcad.2010.06.007,1,R00572,R00572,Scopus,10.1016/j.pcad.2010.06.007,
10.1016/j.pcad.2024.02.002,5,R00001,R00001;R00066;R00256;R00853;R01104,CENTRAL (trials export);CINAHL (EBSCO);PubMed;Scopus;Web of Science,10.1016/j.pcad.2024.02.002,38395212.0
10.1016/j.pharmthera.2009.10.002,1,R00562,R00562,Scopus,10.1016/j.pharmthera.2009.10.002,
10.1016/j.pharmthera.2013.06.008,1,R00438,R00438,Scopus,10.1016/j.pharmthera.2013.06.008,
10.1016/j.pharmthera.2021.108106,1,R00301,R00301,Scopus,10.1016/j.pharmthera.2021.108106,
10.1016/j.pharmthera.2024.108750,1,R00248,R00248,Scopus,10.1016/j.pharmthera.2024.108750,
10.1016/j.phrs.2010.01.013,1,R00544,R00544,Scopus,10.1016/j.phrs.2010.01.013,
10.1016/j.rehab.2021.101485,2,R00113,R00113;R00309,Scopus;Web of Science,10.1016/j.rehab.2021.101485,33453417.0
10.1016/j.rsurfi.2025.100473,1,R00206,R00206,Web of Science,10.1016/j.rsurfi.2025.100473,
10.1016/j.semradonc.2015.09.005,1,R00403,R00403,Scopus,10.1016/j.semradonc.2015.09.005,
10.1016/j.soc.2010.03.007,1,R00547,R00547,Scopus,10.1016/j.soc.2010.03.007,
10.1016/j.suc.2008.10.002,1,R00615,R00615,Scopus,10.1016/j.suc.2008.10.002,
10.1016/j.suronc.2003.11.001,1,R00747,R00747,Scopus,10.1016/j.suronc.2003.11.001,
10.1016/j.taap.2023.116448,2,R00190,R00190;R00283,Scopus;Web of Science,10.1016/j.taap.2023.116448,36921847.0
10.1016/j.toxlet.2008.06.858,2,R00175,R00175;R00652,Scopus;Web of Science,10.1016/j.toxlet.2008.06.858,18616992.0
10.1016/j.toxlet.2016.07.710,1,R00393,R00393,Scopus,10.1016/j.toxlet.2016.07.710,
10.1016/j.uct.2009.07.001,1,R00600,R00600,Scopus,10.1016/j.uct.2009.07.001,
10.1016/j.yjmcc.2021.12.013,1,R00306,R00306,Scopus,10.1016/j.yjmcc.2021.12.013,
10.1016/s0006-2952(01)00797-3,1,R00771,R00771,Scopus,10.1016/s0006-2952(01)00797-3,
10.1016/s0039-6109(03)00071-9,1,R00760,R00760,Scopus,10.1016/s0039-6109(03)00071-9,
10.1016/s0090-8258(03)00468-2,1,R00748,R00748,Scopus,10.1016/s0090-8258(03)00468-2,
10.1016/s0093-7754(01)90196-4,1,R00783,R00783,Scopus,10.1016/s0093-7754(01)90196-4,
10.1016/s0093-7754(03)70138-9,1,R00761,R00761,Scopus,10.1016/s0093-7754(03)70138-9,
10.1016/s0305-7372(02)00038-5,1,R00766,R00766,Scopus,10.1016/s0305-7372(02)00038-5,
10.1016/s0305-7372(05)80002-7,1,R00729,R00729,Scopus,10.1016/s0305-7372(05)80002-7,
10.1016/s0305-7372(10)70022-0,2,R00938,R00537;R00938,CINAHL (EBSCO);Scopus,10.1016/s0305-7372(10)70022-0,
10.1016/s0305-7372(96)90009-2,1,R00815,R00815,Scopus,10.1016/s0305-7372(96)90009-2,
10.1016/s0735-1097(18)32342-8,1,R00055,R00055,Web of Science,10.1016/s0735-1097(18)32342-8,
10.1016/s0889-8588(18)30099-6,1,R00821,R00821,Scopus,10.1016/s0889-8588(18)30099-6,
10.1016/s0960-9776(11)70289-2,1,R00531,R00531,Scopus,10.1016/s0960-9776(11)70289-2,
10.1016/s1040-8428(03)00171-9,1,R00757,R00757,Scopus,10.1016/s1040-8428(03)00171-9,
10.1016/s1040-8428(98)00018-3,1,R00805,R00805,Scopus,10.1016/s1040-8428(98)00018-3,
10.1016/s1359-6349(07)70404-4,1,R00101,R00101,Web of Science,10.1016/s1359-6349(07)70404-4,
10.1016/s1470-2045(09)70087-7,1,R00899,R00899,CINAHL (EBSCO),10.1016/s1470-2045(09)70087-7,
10.1016/s1470-2045(09)70315-8,1,R00582,R00582,Scopus,10.1016/s1470-2045(09)70315-8,
10.1016/s1470-2045(10)70018-8,1,R00841,R00841,CINAHL (EBSCO),10.1016/s1470-2045(10)70018-8,
10.1016/s1470-2045(14)70178-0,1,R00180,R00180,Web of Science,10.1016/s1470-2045(14)70178-0,24793816.0
10.1016/s1470-2045(15)00051-0,1,R00894,R00894,CINAHL (EBSCO),10.1016/s1470-2045(15)00051-0,
10.1016/s1470-2045(15)00332-0,1,R00895,R00895,CINAHL (EBSCO),10.1016/s1470-2045(15)00332-0,
10.1016/s1470-2045(15)00540-9,1,R00888,R00888,CINAHL (EBSCO),10.1016/s1470-2045(15)00540-9,
10.1016/s1470-2045(18)30812-x,1,R00360,R00360,Scopus,10.1016/s1470-2045(18)30812-x,
10.1016/s1470-2045(18)30904-5,1,R00356,R00356,Scopus,10.1016/s1470-2045(18)30904-5,
10.1016/s1470-2045(20)30450-2,1,R00883,R00883,CINAHL (EBSCO),10.1016/s1470-2045(20)30450-2,
10.1016/s1470-2045(20)30702-6,1,R00875,R00875,CINAHL (EBSCO),10.1016/s1470-2045(20)30702-6,
10.1016/s1526-8209(11)70456-6,1,R00728,R00728,Scopus,10.1016/s1526-8209(11)70456-6,
10.1016/s1548-5315(11)70005-5,1,R00576,R00576,Scopus,10.1016/s1548-5315(11)70005-5,
10.1016/s1548-5315(11)70245-5,1,R00620,R00620,Scopus,10.1016/s1548-5315(11)70245-5,
10.1016/s1726-4901(10)70062-9,1,R00551,R00551,Scopus,10.1016/s1726-4901(10)70062-9,
10.1017/s0317167100004881,1,R00707,R00707,Scopus,10.1017/s0317167100004881,
10.1017/s1470903106005682,1,R00690,R00690,Scopus,10.1017/s1470903106005682,
10.1023/a:1005856028736,1,R00809,R00809,Scopus,10.1023/a:1005856028736,
10.1023/a:1008302402687,1,R00780,R00780,Scopus,10.1023/a:1008302402687,
10.1023/a:1014747300739,1,R00775,R00775,Scopus,10.1023/a:1014747300739,
10.1038/485s62a,1,R00496,R00496,Scopus,10.1038/485s62a,
10.1038/bjc.2011.516,1,R00491,R00491,Scopus,10.1038/bjc.2011.516,
10.1038/ncponc1156,1,R00635,R00635,Scopus,10.1038/ncponc1156,
10.1038/ncponc1179,1,R00939,R00939,CINAHL (EBSCO),10.1038/ncponc1179,
10.1038/nrc2656,1,R00597,R00597,Scopus,10.1038/nrc2656,
10.1038/nrclinonc.2009.146,1,R00591,R00591,Scopus,10.1038/nrclinonc.2009.146,
10.1038/nrclinonc.2009.186,1,R00940,R00940,CINAHL (EBSCO),10.1038/nrclinonc.2009.186,
10.1038/nrclinonc.2009.216,1,R00563,R00563,Scopus,10.1038/nrclinonc.2009.216,
10.1038/nrclinonc.2011.177,1,R00499,R00499,Scopus,10.1038/nrclinonc.2011.177,
10.1038/nrclinonc.2012.245,1,R00458,R00458,Scopus,10.1038/nrclinonc.2012.245,
10.1038/nrclinonc.2012.27,1,R00482,R00482,Scopus,10.1038/nrclinonc.2012.27,
10.1038/nrd2332,1,R00675,R00675,Scopus,10.1038/nrd2332,
10.1038/nrd3252,1,R00524,R00524,Scopus,10.1038/nrd3252,
10.1038/s41388-019-1007-z,1,R00341,R00341,Scopus,10.1038/s41388-019-1007-z,
10.1038/s41514-024-00135-7,1,R00205,R00205,Web of Science,10.1038/s41514-024-00135-7,38263284.0
10.1038/s41571-021-00495-z,1,R00328,R00328,Scopus,10.1038/s41571-021-00495-z,
10.1038/s41591-023-02478-2,1,R00280,R00280,Scopus,10.1038/s41591-023-02478-2,
10.1038/s43018-024-00814-0,1,R00251,R00251,Scopus,10.1038/s43018-024-00814-0,
10.1038/sj.bjc.6601485,2,R00129,R00129;R00743,Scopus;Web of Science,10.1038/sj.bjc.6601485,14710203.0
10.1038/sj.bjc.6603158,2,R00130,R00130;R00696,Scopus;Web of Science,10.1038/sj.bjc.6603158,16685267.0
10.1038/sj.bjc.6605961,1,R00165,R00165,Web of Science,10.1038/sj.bjc.6605961,20978502.0
10.1038/sj.bmt.1702780,1,R00777,R00777,Scopus,10.1038/sj.bmt.1702780,
10.1038/sj.bmt.1703827,1,R00753,R00753,Scopus,10.1038/sj.bmt.1703827,
10.1046/j.1365-2354.2000.00220.x,1,R00930,R00930,CINAHL (EBSCO),10.1046/j.1365-2354.2000.00220.x,
10.1051/sm/2018016,1,R00972,R00972,SPORTDiscus (EBSCO),10.1051/sm/2018016,
10.1053/clon.2001.9306,1,R00778,R00778,Scopus,10.1053/clon.2001.9306,
10.1053/ctrv.1999.0136,1,R00798,R00798,Scopus,10.1053/ctrv.1999.0136,
10.1053/j.seminoncol.2004.07.022,1,R00735,R00735,Scopus,10.1053/j.seminoncol.2004.07.022,
10.1053/j.seminoncol.2004.08.002,1,R00734,R00734,Scopus,10.1053/j.seminoncol.2004.08.002,
10.1053/j.seminoncol.2006.04.006,1,R00691,R00691,Scopus,10.1053/j.seminoncol.2006.04.006,
10.1053/j.semtcvs.2009.06.010,1,R00598,R00598,Scopus,10.1053/j.semtcvs.2009.06.010,
10.1056/nejme2206661,1,R00302,R00302,Scopus,10.1056/nejme2206661,
10.1080/01635581.2019.1670852,1,R00141,R00141,Web of Science,10.1080/01635581.2019.1670852,31588781.0
10.1080/02640414.2017.1356025,1,R01009,R01009,SPORTDiscus (EBSCO),10.1080/02640414.2017.1356025,
10.1080/02640414.2025.2486886,1,R00967,R00967,SPORTDiscus (EBSCO),10.1080/02640414.2025.2486886,
10.1080/02841860310010709,1,R00749,R00749,Scopus,10.1080/02841860310010709,
10.1080/03602530500364023,1,R00716,R00716,Scopus,10.1080/03602530500364023,
10.1080/03639045.2025.2483425,1,R00247,R00247,Scopus,10.1080/03639045.2025.2483425,
10.1080/07357900802178520,1,R00614,R00614,Scopus,10.1080/07357900802178520,
10.1080/07357900802427943,1,R00599,R00599,Scopus,10.1080/07357900802427943,
10.1080/09637486.2016.1236077,1,R01066,R01066,SPORTDiscus (EBSCO),10.1080/09637486.2016.1236077,
10.1080/09637486.2019.1639638,1,R01058,R01058,SPORTDiscus (EBSCO),10.1080/09637486.2019.1639638,
10.1080/10428190500052438,1,R00718,R00718,Scopus,10.1080/10428190500052438,
10.1080/13543784.2018.1520838,2,R00125,R00125;R00367,Scopus;Web of Science,10.1080/13543784.2018.1520838,30196727.0
10.1080/13685530500049060,1,R01071,R01071,SPORTDiscus (EBSCO),10.1080/13685530500049060,
10.1080/14740338.2022.2151584,1,R00082,R00082,Web of Science,10.1080/14740338.2022.2151584,36469577.0
10.1080/15502783.2024.2441760,1,R00966,R00966,SPORTDiscus (EBSCO),10.1080/15502783.2024.2441760,
10.1080/17461391.2021.1965220,1,R00987,R00987,SPORTDiscus (EBSCO),10.1080/17461391.2021.1965220,
10.1080/21688370.2021.1965418,1,R00317,R00317,Scopus,10.1080/21688370.2021.1965418,
10.1081/cnv-120014881,1,R00767,R00767,Scopus,10.1081/cnv-120014881,
10.1081/cnv-120027576,1,R00739,R00739,Scopus,10.1081/cnv-120027576,
10.1089/acm.2005.11.639,1,R00715,R00715,Scopus,10.1089/acm.2005.11.639,
10.1089/jicm.2022.0778,5,R00023,R00023;R00071;R00278;R00848;R01089,CENTRAL (trials export);CINAHL (EBSCO);PubMed;Scopus;Web of Science,10.1089/jicm.2022.0778,37036793.0
10.1089/jicm.2023.0777,4,R00018,R00018;R00151;R00253;R00844,CINAHL (EBSCO);PubMed;Scopus;Web of Science,10.1089/jicm.2023.0777,38757731.0
10.1093/ajhp/54.suppl_2.s19,1,R00811,R00811,Scopus,10.1093/ajhp/54.suppl_2.s19,
10.1093/annonc/10.suppl_6.s149,1,R00797,R00797,Scopus,10.1093/annonc/10.suppl_6.s149,
10.1093/annonc/12.suppl_1.s89,1,R00782,R00782,Scopus,10.1093/annonc/12.suppl_1.s89,
10.1093/annonc/mdf101,1,R00768,R00768,Scopus,10.1093/annonc/mdf101,
10.1093/annonc/mdg483,1,R00756,R00756,Scopus,10.1093/annonc/mdg483,
10.1093/annonc/mdi393,1,R00711,R00711,Scopus,10.1093/annonc/mdi393,
10.1093/annonc/mdl001,1,R00700,R00700,Scopus,10.1093/annonc/mdl001,
10.1093/annonc/mdm220,1,R00091,R00091,Web of Science,10.1093/annonc/mdm220,17591827.0
10.1093/annonc/mdm282,1,R00665,R00665,Scopus,10.1093/annonc/mdm282,
10.1093/annonc/mdm601,1,R00657,R00657,Scopus,10.1093/annonc/mdm601,
10.1093/annonc/mdn152,1,R00656,R00656,Scopus,10.1093/annonc/mdn152,
10.1093/annonc/mdq392,3,R00038,R00038;R00118;R00525,PubMed;Scopus;Web of Science,10.1093/annonc/mdq392,20693299.0
10.1093/annonc/mds328,1,R00461,R00461,Scopus,10.1093/annonc/mds328,
10.1093/annonc/mdt217,1,R00464,R00464,Scopus,10.1093/annonc/mdt217,
10.1093/bmb/ldq029,1,R00536,R00536,Scopus,10.1093/bmb/ldq029,
10.1093/eurheartj/ehy564.p643,1,R01120,R01120,CENTRAL (trials export),10.1093/eurheartj/ehy564.p643,
10.1093/eurheartjsupp/suaf083.076,1,R01122,R01122,CENTRAL (trials export),10.1093/eurheartjsupp/suaf083.076,
10.1093/eurjpc/zwab006,1,R00312,R00312,Scopus,10.1093/eurjpc/zwab006,
10.1093/eurjpc/zwad063,4,R00006,R00006;R00140;R00281;R01098,CENTRAL (trials export);PubMed;Scopus;Web of Science,10.1093/eurjpc/zwad063,36857149.0
10.1093/eurjpc/zwad125.155,1,R01148,R01148,CENTRAL (trials export),10.1093/eurjpc/zwad125.155,
10.1093/eurjpc/zwad186,1,R00282,R00282,Scopus,10.1093/eurjpc/zwad186,
10.1093/jnci/87.15.1169,2,R00914,R00818;R00914,CINAHL (EBSCO);Scopus,10.1093/jnci/87.15.1169,
10.1093/jnci/88.18.1269,1,R00935,R00935,CINAHL (EBSCO),10.1093/jnci/88.18.1269,
10.1093/jnci/djp092,1,R00603,R00603,Scopus,10.1093/jnci/djp092,
10.1093/oxfordjournals.annonc.a058707,1,R00827,R00827,Scopus,10.1093/oxfordjournals.annonc.a058707,
10.1093/ptj/pzab014,2,R00067,R00067;R00865,CINAHL (EBSCO);Web of Science,10.1093/ptj/pzab014,33528004.0
10.1093/qjmed/hcad069.163,1,R01100,R01100,CENTRAL (trials export),10.1093/qjmed/hcad069.163,
10.1093/qjmed/hcae175.145,1,R01111,R01111,CENTRAL (trials export),10.1093/qjmed/hcae175.145,
10.1096/fasebj.2022.36.s1.r5444,1,R00177,R00177,Web of Science,10.1096/fasebj.2022.36.s1.r5444,35553816.0
10.1097/00001622-200111000-00008,1,R00774,R00774,Scopus,10.1097/00001622-200111000-00008,
10.1097/00001813-200502000-00014,1,R00725,R00725,Scopus,10.1097/00001813-200502000-00014,
10.1097/01.coc.0000190274.00570.0a,1,R00703,R00703,Scopus,10.1097/01.coc.0000190274.00570.0a,
10.1097/01.reo.0000000000000202,1,R01115,R01115,CENTRAL (trials export),10.1097/01.reo.0000000000000202,
10.1097/cad.0b013e3282f14a00,2,R00127,R00127;R00667,Scopus;Web of Science,10.1097/cad.0b013e3282f14a00,18043124.0
10.1097/cad.0b013e328352d292,1,R00473,R00473,Scopus,10.1097/cad.0b013e328352d292,
10.1097/cco.0b013e32831270b0,1,R00944,R00944,CINAHL (EBSCO),10.1097/cco.0b013e32831270b0,
10.1097/cco.0b013e328351fb29,1,R00483,R00483,Scopus,10.1097/cco.0b013e328351fb29,
10.1097/cco.0b013e328358a29a,1,R00470,R00470,Scopus,10.1097/cco.0b013e328358a29a,
10.1097/cco.0b013e32835ff362,1,R00452,R00452,Scopus,10.1097/cco.0b013e32835ff362,
10.1097/cm9.0000000000002133,1,R00215,R00215,Web of Science,10.1097/cm9.0000000000002133,35916555.0
10.1097/gco.0000000000000043,1,R00435,R00435,Scopus,10.1097/gco.0000000000000043,
10.1097/gco.0b013e328012980a,1,R00680,R00680,Scopus,10.1097/gco.0b013e328012980a,
10.1097/gco.0b013e3283414e87,1,R00527,R00527,Scopus,10.1097/gco.0b013e3283414e87,
10.1097/hcr.0000000000000719,3,R01152,R00200;R00285;R01152,CENTRAL (trials export);Scopus;Web of Science,10.1097/hcr.0000000000000719,35940850.0
10.1097/md.0000000000025685,1,R00872,R00872,CINAHL (EBSCO),10.1097/md.0000000000025685,
10.1097/md.0000000000030922,1,R00907,R00907,CINAHL (EBSCO),10.1097/md.0000000000030922,
10.1097/ncc.0000000000001083,1,R00870,R00870,CINAHL (EBSCO),10.1097/ncc.0000000000001083,
10.1111/1440-1681.12235,1,R01059,R01059,SPORTDiscus (EBSCO),10.1111/1440-1681.12235,
10.1111/1440-1681.13148,1,R01061,R01061,SPORTDiscus (EBSCO),10.1111/1440-1681.13148,
10.1111/1440-1681.13181,1,R01027,R01027,SPORTDiscus (EBSCO),10.1111/1440-1681.13181,
10.1111/1440-1681.13378,1,R01046,R01046,SPORTDiscus (EBSCO),10.1111/1440-1681.13378,
10.1111/1440-1681.13481,1,R01048,R01048,SPORTDiscus (EBSCO),10.1111/1440-1681.13481,
10.1111/1440-1681.13592,1,R01036,R01036,SPORTDiscus (EBSCO),10.1111/1440-1681.13592,
10.1111/1440-1681.13678,1,R01001,R01001,SPORTDiscus (EBSCO),10.1111/1440-1681.13678,
10.1111/1440-1681.13760,1,R01012,R01012,SPORTDiscus (EBSCO),10.1111/1440-1681.13760,
10.1111/1440-1681.13833,1,R01004,R01004,SPORTDiscus (EBSCO),10.1111/1440-1681.13833,
10.1111/apha.12361,1,R01053,R01053,SPORTDiscus (EBSCO),10.1111/apha.12361,
10.1111/apha.12671,1,R01054,R01054,SPORTDiscus (EBSCO),10.1111/apha.12671,
10.1111/apha.12779,1,R01038,R01038,SPORTDiscus (EBSCO),10.1111/apha.12779,
10.1111/apha.12841,1,R01035,R01035,SPORTDiscus (EBSCO),10.1111/apha.12841,
10.1111/apha.13235,1,R01081,R01081,SPORTDiscus (EBSCO),10.1111/apha.13235,
10.1111/apha.13385,1,R01079,R01079,SPORTDiscus (EBSCO),10.1111/apha.13385,
10.1111/apha.13400,1,R01015,R01015,SPORTDiscus (EBSCO),10.1111/apha.13400,
10.1111/apha.13602,1,R01031,R01031,SPORTDiscus (EBSCO),10.1111/apha.13602,
10.1111/apha.13759,1,R01005,R01005,SPORTDiscus (EBSCO),10.1111/apha.13759,
10.1111/apha.13874,1,R01007,R01007,SPORTDiscus (EBSCO),10.1111/apha.13874,
10.1111/apha.13876,1,R00983,R00983,SPORTDiscus (EBSCO),10.1111/apha.13876,
10.1111/apha.13877,1,R00978,R00978,SPORTDiscus (EBSCO),10.1111/apha.13877,
10.1111/apha.13893,1,R01011,R01011,SPORTDiscus (EBSCO),10.1111/apha.13893,
10.1111/apha.13946,1,R01008,R01008,SPORTDiscus (EBSCO),10.1111/apha.13946,
10.1111/apha.14044,1,R00982,R00982,SPORTDiscus (EBSCO),10.1111/apha.14044,
10.1111/apha.14074,2,R00960,R00960;R00961,SPORTDiscus (EBSCO),10.1111/apha.14074,
10.1111/apha.14224,1,R00971,R00971,SPORTDiscus (EBSCO),10.1111/apha.14224,
10.1111/echo.70136,1,R00847,R00847,CINAHL (EBSCO),10.1111/echo.70136,
10.1111/j.1075-122x.2005.217166.x,1,R00723,R00723,Scopus,10.1111/j.1075-122x.2005.217166.x,
10.1111/j.1440-1681.2004.04027.x,1,R01082,R01082,SPORTDiscus (EBSCO),10.1111/j.1440-1681.2004.04027.x,
10.1111/j.1529-8027.2008.00156.x,1,R00648,R00648,Scopus,10.1111/j.1529-8027.2008.00156.x,
10.1111/j.1549-8719.2011.00147.x,1,R00489,R00489,Scopus,10.1111/j.1549-8719.2011.00147.x,
10.1111/j.1743-7563.2009.01194.x,2,R00135,R00135;R00607,Scopus;Web of Science,10.1111/j.1743-7563.2009.01194.x,
10.1111/j.1745-7254.2007.00691.x,1,R00672,R00672,Scopus,10.1111/j.1745-7254.2007.00691.x,
10.1111/joim.12065,1,R00925,R00925,CINAHL (EBSCO),10.1111/joim.12065,
10.1111/sms.13442,1,R01014,R01014,SPORTDiscus (EBSCO),10.1111/sms.13442,
10.1111/sms.13861,1,R00991,R00991,SPORTDiscus (EBSCO),10.1111/sms.13861,
10.1111/sms.14280,2,R00858,R00858;R00984,CINAHL (EBSCO);SPORTDiscus (EBSCO),10.1111/sms.14280,
10.1111/sms.14449,1,R00993,R00993,SPORTDiscus (EBSCO),10.1111/sms.14449,
10.1123/jpah.2022-0372,1,R00976,R00976,SPORTDiscus (EBSCO),10.1123/jpah.2022-0372,
10.1123/pes.14.3.248,1,R01021,R01021,SPORTDiscus (EBSCO),10.1123/pes.14.3.248,
10.1123/pes.2013-0156,1,R00998,R00998,SPORTDiscus (EBSCO),10.1123/pes.2013-0156,
10.1126/science.363.6432.1166,1,R00358,R00358,Scopus,10.1126/science.363.6432.1166,
10.1136/bmjopen-2024-095118,1,R00236,R00236,Scopus,10.1136/bmjopen-2024-095118,
10.1136/openhrt-2023-002464,3,R00009,R00009;R00051;R00273,PubMed;Scopus;Web of Science,10.1136/openhrt-2023-002464,37903570.0
10.1139/apnm-2017-0134,1,R01025,R01025,SPORTDiscus (EBSCO),10.1139/apnm-2017-0134,
10.1139/apnm-2019-0569,1,R00985,R00985,SPORTDiscus (EBSCO),10.1139/apnm-2019-0569,
10.1139/apnm-2023-0027,1,R00989,R00989,SPORTDiscus (EBSCO),10.1139/apnm-2023-0027,
10.1139/cjpp-2012-0315,1,R01040,R01040,SPORTDiscus (EBSCO),10.1139/cjpp-2012-0315,
10.1139/cjpp-2014-0377,1,R01070,R01070,SPORTDiscus (EBSCO),10.1139/cjpp-2014-0377,
10.1139/cjpp-2015-0105,1,R01052,R01052,SPORTDiscus (EBSCO),10.1139/cjpp-2015-0105,
10.1139/cjpp-2015-0282,1,R01072,R01072,SPORTDiscus (EBSCO),10.1139/cjpp-2015-0282,
10.1139/cjpp-2016-0115,1,R01023,R01023,SPORTDiscus (EBSCO),10.1139/cjpp-2016-0115,
10.1139/cjpp-2016-0197,1,R01068,R01068,SPORTDiscus (EBSCO),10.1139/cjpp-2016-0197,
10.1139/cjpp-2016-0346,1,R01033,R01033,SPORTDiscus (EBSCO),10.1139/cjpp-2016-0346,
10.1139/cjpp-2016-0518,1,R01047,R01047,SPORTDiscus (EBSCO),10.1139/cjpp-2016-0518,
10.1139/cjpp-2017-0121,1,R01051,R01051,SPORTDiscus (EBSCO),10.1139/cjpp-2017-0121,
10.1139/cjpp-2018-0005,1,R00975,R00975,SPORTDiscus (EBSCO),10.1139/cjpp-2018-0005,
10.1139/cjpp-2018-0547,1,R01049,R01049,SPORTDiscus (EBSCO),10.1139/cjpp-2018-0547,
10.1139/cjpp-2019-0299,1,R00999,R00999,SPORTDiscus (EBSCO),10.1139/cjpp-2019-0299,
10.1139/cjpp-2020-0404,1,R01024,R01024,SPORTDiscus (EBSCO),10.1139/cjpp-2020-0404,
10.1139/cjpp-2020-0588,1,R01045,R01045,SPORTDiscus (EBSCO),10.1139/cjpp-2020-0588,
10.1139/cjpp-2021-0554,1,R01013,R01013,SPORTDiscus (EBSCO),10.1139/cjpp-2021-0554,
10.1139/cjpp-2021-0596,1,R00996,R00996,SPORTDiscus (EBSCO),10.1139/cjpp-2021-0596,
10.1139/cjpp-2022-0152,1,R01018,R01018,SPORTDiscus (EBSCO),10.1139/cjpp-2022-0152,
10.1139/cjpp-2023-0358,2,R00148,R00148;R00962,SPORTDiscus (EBSCO);Web of Science,10.1139/cjpp-2023-0358,38039515.0
10.1139/cjpp-2024-0047,1,R00994,R00994,SPORTDiscus (EBSCO),10.1139/cjpp-2024-0047,
10.1139/cjpp-2024-0206,1,R00980,R00980,SPORTDiscus (EBSCO),10.1139/cjpp-2024-0206,
10.1139/cjpp-2024-0368,1,R00169,R00169,Web of Science,10.1139/cjpp-2024-0368,39999429.0
10.1139/h10-902,1,R01063,R01063,SPORTDiscus (EBSCO),10.1139/h10-902,
10.1139/h11-034,1,R01062,R01062,SPORTDiscus (EBSCO),10.1139/h11-034,
10.1139/h11-043,1,R01026,R01026,SPORTDiscus (EBSCO),10.1139/h11-043,
10.1139/h11-062,1,R01043,R01043,SPORTDiscus (EBSCO),10.1139/h11-062,
10.1139/y09-036,1,R01078,R01078,SPORTDiscus (EBSCO),10.1139/y09-036,
10.1139/y09-059,1,R01002,R01002,SPORTDiscus (EBSCO),10.1139/y09-059,
10.1139/y10-097,1,R01074,R01074,SPORTDiscus (EBSCO),10.1139/y10-097,
10.1152/ajpendo.00044.2013,1,R00145,R00145,Web of Science,10.1152/ajpendo.00044.2013,23695218.0
10.1152/ajpregu.00185.2015,1,R00065,R00065,Web of Science,10.1152/ajpregu.00185.2015,26246505.0
10.1152/ajpregu.00224.2019,1,R00209,R00209,Web of Science,10.1152/ajpregu.00224.2019,32159365.0
10.1155/2015/917606,2,R00085,R00085;R00415,Scopus;Web of Science,10.1155/2015/917606,26339243.0
10.1155/2020/5169278,3,R00037,R00037;R00195;R00345,PubMed;Scopus;Web of Science,10.1155/2020/5169278,32256583.0
10.1158/0008-5472.can-05-0620,1,R00720,R00720,Scopus,10.1158/0008-5472.can-05-0620,
10.1158/0008-5472.can-15-1518,1,R00121,R00121,Web of Science,10.1158/0008-5472.can-15-1518,26759238.0
10.1158/1078-0432.ccr-07-4741,1,R00090,R00090,Web of Science,10.1158/1078-0432.ccr-07-4741,18628466.0
10.1158/1078-0432.ccr-08-0581,1,R00629,R00629,Scopus,10.1158/1078-0432.ccr-08-0581,
10.1158/1078-0432.ccr-09-0628,1,R00133,R00133,Web of Science,10.1158/1078-0432.ccr-09-0628,19622583.0
10.1158/1078-0432.ccr-09-3004,1,R00548,R00548,Scopus,10.1158/1078-0432.ccr-09-3004,
10.1158/1078-0432.ccr-11-1540,1,R00501,R00501,Scopus,10.1158/1078-0432.ccr-11-1540,
10.1158/1078-0432.ccr-13-0518,1,R00439,R00439,Scopus,10.1158/1078-0432.ccr-13-0518,
10.1158/1078-0432.ccr-14-1812,1,R00409,R00409,Scopus,10.1158/1078-0432.ccr-14-1812,
10.1158/1078-0432.ccr-21-3418,1,R00305,R00305,Scopus,10.1158/1078-0432.ccr-21-3418,
10.1158/1078-0432.ccr-23-0117,1,R00269,R00269,Scopus,10.1158/1078-0432.ccr-23-0117,
10.1158/1078-0432.ccr-23-0633,1,R00264,R00264,Scopus,10.1158/1078-0432.ccr-23-0633,
10.1158/1078-0432.ccr-24-0341,1,R00255,R00255,Scopus,10.1158/1078-0432.ccr-24-0341,
10.1158/1538-7445.sabcs16-ot1-01-07,1,R00095,R00095,Web of Science,10.1158/1538-7445.sabcs16-ot1-01-07,
10.1158/1538-7755.disp24-c032,1,R01142,R01142,CENTRAL (trials export),10.1158/1538-7755.disp24-c032,
10.1158/15387445.sabcs18-gs5-02,1,R01107,R01107,CENTRAL (trials export),10.1158/15387445.sabcs18-gs5-02,
10.1159/000055402,1,R00773,R00773,Scopus,10.1159/000055402,
10.1159/000069306,1,R00751,R00751,Scopus,10.1159/000069306,
10.1159/000069315,1,R00752,R00752,Scopus,10.1159/000069315,
10.1159/000094641,1,R00705,R00705,Scopus,10.1159/000094641,
10.1159/000163056,1,R00630,R00630,Scopus,10.1159/000163056,
10.1159/000207504,2,R00144,R00144;R00611,Scopus;Web of Science,10.1159/000207504,19262067.0
10.1159/000279388,1,R00565,R00565,Scopus,10.1159/000279388,
10.1159/000285750,1,R00549,R00549,Scopus,10.1159/000285750,
10.1159/000285779,1,R00550,R00550,Scopus,10.1159/000285779,
10.1159/000322677,1,R00923,R00923,CINAHL (EBSCO),10.1159/000322677,
10.1159/000363551,1,R00433,R00433,Scopus,10.1159/000363551,
10.1159/000452194,1,R00390,R00390,Scopus,10.1159/000452194,
10.1159/000455823,1,R00386,R00386,Scopus,10.1159/000455823,
10.1159/000484167,1,R00934,R00934,CINAHL (EBSCO),10.1159/000484167,
10.1159/000499383,1,R00047,R00047,Web of Science,10.1159/000499383,30943496.0
10.1159/000527917,1,R00871,R00871,CINAHL (EBSCO),10.1159/000527917,
10.1159/000533576,1,R01144,R01144,CENTRAL (trials export),10.1159/000533576,
10.1159/000535737,4,R00004,R00004;R00116;R00268;R00842,CINAHL (EBSCO);PubMed;Scopus;Web of Science,10.1159/000535737,38104536.0
10.1159/000546096,1,R00224,R00224,Web of Science,10.1159/000546096,40349681.0
10.1161/circ.148.suppl_1.14672,2,R01127,R00186;R01127,CENTRAL (trials export);Web of Science,10.1161/circ.148.suppl_1.14672,
10.1161/circ.150.suppl_1.4147821,1,R00063,R00063,Web of Science,10.1161/circ.150.suppl_1.4147821,
10.1161/circheartfailure.113.000267,1,R00450,R00450,Scopus,10.1161/circheartfailure.113.000267,
10.1161/circulationaha.111.021774,2,R00117,R00117;R00512,Scopus;Web of Science,10.1161/circulationaha.111.021774,21810673.0
10.1161/circulationaha.115.010484,1,R00404,R00404,Scopus,10.1161/circulationaha.115.010484,
10.1161/circulationaha.122.062814,5,R00002,R00002;R00134;R00287;R00845;R01097,CENTRAL (trials export);CINAHL (EBSCO);PubMed;Scopus;Web of Science,10.1161/circulationaha.122.062814,36342348.0
10.1161/circulationaha.122.063192,1,R00286,R00286,Scopus,10.1161/circulationaha.122.063192,
10.1161/jaha.121.021580,1,R00326,R00326,Scopus,10.1161/jaha.121.021580,
10.1161/jaha.121.023852,1,R00318,R00318,Scopus,10.1161/jaha.121.023852,
10.1161/res.125.suppl-1.782,1,R01139,R01139,CENTRAL (trials export),10.1161/res.125.suppl-1.782,
10.1166/jbn.2007.038,1,R00670,R00670,Scopus,10.1166/jbn.2007.038,
10.1177/030089160108700104,1,R00781,R00781,Scopus,10.1177/030089160108700104,
10.1177/030089161209800104,1,R00494,R00494,Scopus,10.1177/030089161209800104,
10.1177/030089169908500610,1,R00796,R00796,Scopus,10.1177/030089169908500610,
10.1177/1078155214527144,1,R00424,R00424,Scopus,10.1177/1078155214527144,
10.1177/1078155220951862,1,R00917,R00917,CINAHL (EBSCO),10.1177/1078155220951862,
10.1177/1534735405285882,1,R00701,R00701,Scopus,10.1177/1534735405285882,
10.1177/1534735408330717,1,R00610,R00610,Scopus,10.1177/1534735408330717,
10.1177/1534735416656915,1,R00882,R00882,CINAHL (EBSCO),10.1177/1534735416656915,
10.1177/1534735420969818,1,R00344,R00344,Scopus,10.1177/1534735420969818,
10.1177/15347354241291176,3,R00846,R00266;R00846;R00851,CINAHL (EBSCO);Scopus,10.1177/15347354241291176,
10.1177/15347354241297385,2,R00849,R00849;R00857,CINAHL (EBSCO),10.1177/15347354241297385,
10.1177/1636.17902,2,R00086,R00086;R00422,Scopus;Web of Science,10.1177/1636.17902,25296592.0
10.1177/1756283x12450246,1,R00492,R00492,Scopus,10.1177/1756283x12450246,
10.1177/1758835919833519,1,R00359,R00359,Scopus,10.1177/1758835919833519,
10.1177/1758835919853971,1,R00354,R00354,Scopus,10.1177/1758835919853971,
10.1177/17588359231205848,1,R00292,R00292,Scopus,10.1177/17588359231205848,
10.1177/2047487318811181,2,R01108,R00363;R01108,CENTRAL (trials export);Scopus,10.1177/2047487318811181,30376366.0
10.1177/2047487318821239,1,R00362,R00362,Scopus,10.1177/2047487318821239,
10.1179/1476830512y.0000000006,1,R01073,R01073,SPORTDiscus (EBSCO),10.1179/1476830512y.0000000006,
10.1179/joc.1999.11.5.402,1,R00800,R00800,Scopus,10.1179/joc.1999.11.5.402,
10.1179/joc.2003.15.6.607,1,R00755,R00755,Scopus,10.1179/joc.2003.15.6.607,
10.1186/1471-2407-5-21,2,R00161,R00161;R00724,Scopus;Web of Science,10.1186/1471-2407-5-21,15723709.0
10.1186/1479-5876-10-212,1,R00937,R00937,CINAHL (EBSCO),10.1186/1479-5876-10-212,
10.1186/1479-5876-10-28,1,R00487,R00487,Scopus,10.1186/1479-5876-10-28,
10.1186/bcr2209,1,R00616,R00616,Scopus,10.1186/bcr2209,
10.1186/bcr262,1,R00776,R00776,Scopus,10.1186/bcr262,
10.1186/bcr3017,1,R00949,R00949,CINAHL (EBSCO),10.1186/bcr3017,
10.1186/bcr3064,1,R00484,R00484,Scopus,10.1186/bcr3064,
10.1186/bcr3606,1,R00941,R00941,CINAHL (EBSCO),10.1186/bcr3606,
10.1186/bcr3618,1,R00952,R00952,CINAHL (EBSCO),10.1186/bcr3618,
10.1186/bcr3621,1,R00951,R00951,CINAHL (EBSCO),10.1186/bcr3621,
10.1186/s12872-021-01970-2,5,R00010,R00010;R00054;R00323;R00850;R01085,CENTRAL (trials export);CINAHL (EBSCO);PubMed;Scopus;Web of Science,10.1186/s12872-021-01970-2,33827450.0
10.1186/s12874-017-0354-0,1,R00906,R00906,CINAHL (EBSCO),10.1186/s12874-017-0354-0,
10.1186/s12885-016-2761-8,4,R00039,R00039;R00198;R00394;R01153,CENTRAL (trials export);PubMed;Scopus;Web of Science,10.1186/s12885-016-2761-8,27629548.0
10.1186/s12885-017-3420-4,4,R00014,R00014;R00053;R00385;R01087,CENTRAL (trials export);PubMed;Scopus;Web of Science,10.1186/s12885-017-3420-4,28629338.0
10.1186/s12885-018-4778-7,4,R00015,R00015;R00072;R00368;R01095,CENTRAL (trials export);PubMed;Scopus;Web of Science,10.1186/s12885-018-4778-7,30176834.0
10.1186/s12885-020-07123-6,4,R00013,R00013;R00062;R00339;R01102,CENTRAL (trials export);PubMed;Scopus;Web of Science,10.1186/s12885-020-07123-6,32664946.0
10.1186/s12885-021-08808-2,1,R00320,R00320,Scopus,10.1186/s12885-021-08808-2,
10.1186/s12885-025-13749-1,1,R00226,R00226,Scopus,10.1186/s12885-025-13749-1,
10.1186/s12906-023-04139-w,1,R00863,R00863,CINAHL (EBSCO),10.1186/s12906-023-04139-w,
10.1186/s12916-015-0416-2,1,R00936,R00936,CINAHL (EBSCO),10.1186/s12916-015-0416-2,
10.1186/s12916-023-02999-0,1,R00272,R00272,Scopus,10.1186/s12916-023-02999-0,
10.1186/s12935-022-02679-8,1,R00296,R00296,Scopus,10.1186/s12935-022-02679-8,
10.1186/s13058-015-0663-3,1,R00943,R00943,CINAHL (EBSCO),10.1186/s13058-015-0663-3,
10.1186/s13058-016-0676-6,1,R00890,R00890,CINAHL (EBSCO),10.1186/s13058-016-0676-6,
10.1186/s13058-017-0807-8,1,R00887,R00887,CINAHL (EBSCO),10.1186/s13058-017-0807-8,
10.1186/s13058-018-1050-7,1,R00950,R00950,CINAHL (EBSCO),10.1186/s13058-018-1050-7,
10.1186/s13058-019-1223-z,1,R00891,R00891,CINAHL (EBSCO),10.1186/s13058-019-1223-z,
10.1186/s13058-020-01280-z,1,R00892,R00892,CINAHL (EBSCO),10.1186/s13058-020-01280-z,
10.1186/s13063-019-3499-9,5,R00011,R00011;R00070;R00350;R00876;R01110,CENTRAL (trials export);CINAHL (EBSCO);PubMed;Scopus;Web of Science,10.1186/s13063-019-3499-9,31307527.0
10.1186/s13102-020-00205-9,1,R01064,R01064,SPORTDiscus (EBSCO),10.1186/s13102-020-00205-9,
10.1186/s13102-022-00420-6,2,R00988,R00297;R00988,SPORTDiscus (EBSCO);Scopus,10.1186/s13102-022-00420-6,
10.1186/s13102-023-00634-2,1,R00964,R00964,SPORTDiscus (EBSCO),10.1186/s13102-023-00634-2,
10.1186/s13102-023-00650-2,1,R00990,R00990,SPORTDiscus (EBSCO),10.1186/s13102-023-00650-2,
10.1186/s13102-024-00881-x,1,R00977,R00977,SPORTDiscus (EBSCO),10.1186/s13102-024-00881-x,
10.1186/s13643-019-1154-x,3,R00028,R00028;R00170;R00347,PubMed;Scopus;Web of Science,10.1186/s13643-019-1154-x,31651372.0
10.1186/s40959-021-00091-1,2,R00179,R00179;R00322,Scopus;Web of Science,10.1186/s40959-021-00091-1,33588948.0
10.1186/s40959-021-00105-y,1,R00213,R00213,Web of Science,10.1186/s40959-021-00105-y,34049593.0
10.1186/s40959-021-00107-w,3,R00036,R00036;R00058;R00321,PubMed;Scopus;Web of Science,10.1186/s40959-021-00107-w,34059163.0
10.1186/s40959-024-00208-2,1,R00249,R00249,Scopus,10.1186/s40959-024-00208-2,
10.1186/s40959-024-00296-0,1,R01128,R01128,CENTRAL (trials export),10.1186/s40959-024-00296-0,
10.1186/s40959-025-00378-7,4,R00040,R00040;R00150;R00229;R01141,CENTRAL (trials export);PubMed;Scopus;Web of Science,10.1186/s40959-025-00378-7,40841694.0
10.1188/08.onf.e90-e99,1,R00924,R00924,CINAHL (EBSCO),10.1188/08.onf.e90-e99,
10.1188/09.onf.38-48,1,R00879,R00879,CINAHL (EBSCO),10.1188/09.onf.38-48,
10.1196/annals.1339.026,1,R00726,R00726,Scopus,10.1196/annals.1339.026,
10.1200/jco.19.01027,1,R00884,R00884,CINAHL (EBSCO),10.1200/jco.19.01027,
10.1200/jco.1985.3.6.818,4,R01093,R00160;R00838;R01093;R00021,CENTRAL (trials export);Scopus;Web of Science;PubMed,10.1200/jco.1985.3.6.818,3859587.0
10.1200/jco.1986.4.5.672,1,R00835,R00835,Scopus,10.1200/jco.1986.4.5.672,
10.1200/jco.1999.17.8.2341,3,R00146,R00146;R00799;R00033,Scopus;Web of Science;PubMed,10.1200/jco.1999.17.8.2341,10561296.0
10.1200/jco.2002.06.164,1,R00764,R00764,Scopus,10.1200/jco.2002.06.164,
10.1200/jco.2003.03.124,1,R00754,R00754,Scopus,10.1200/jco.2003.03.124,
10.1200/jco.2005.16.584,2,R00139,R00139;R00712,Scopus;Web of Science,10.1200/jco.2005.16.584,15955900.0
10.1200/jco.2007.11.7960,1,R00668,R00668,Scopus,10.1200/jco.2007.11.7960,
10.1200/jco.2007.13.6580,1,R00909,R00909,CINAHL (EBSCO),10.1200/jco.2007.13.6580,
10.1200/jco.2007.14.9401,1,R00633,R00633,Scopus,10.1200/jco.2007.14.9401,
10.1200/jco.2008.19.6261,1,R00920,R00920,CINAHL (EBSCO),10.1200/jco.2008.19.6261,
10.1200/jco.2009.23.3734,2,R00922,R00585;R00922,CINAHL (EBSCO);Scopus,10.1200/jco.2009.23.3734,
10.1200/jco.2010.31.2231,1,R00903,R00903,CINAHL (EBSCO),10.1200/jco.2010.31.2231,
10.1200/jco.2011.37.6418,1,R00457,R00457,Scopus,10.1200/jco.2011.37.6418,
10.1200/jco.2014.57.2388,1,R00912,R00912,CINAHL (EBSCO),10.1200/jco.2014.57.2388,
10.1200/jco.2015.63.9179,1,R00902,R00902,CINAHL (EBSCO),10.1200/jco.2015.63.9179,
10.1200/jco.2016.70.5400,1,R00216,R00216,Web of Science,10.1200/jco.2016.70.5400,27918725.0
10.1200/jco.2022.40.16_suppl.tps12138,1,R01137,R01137,CENTRAL (trials export),10.1200/jco.2022.40.16_suppl.tps12138,
10.1211/0022357002243,1,R00762,R00762,Scopus,10.1211/0022357002243,
10.1211/0022357044265,1,R00737,R00737,Scopus,10.1211/0022357044265,
10.1245/s10434-009-0766-0,1,R00578,R00578,Scopus,10.1245/s10434-009-0766-0,
10.1249/01.mss.0000759880.68230.7c,2,R00897,R00897;R01080,CINAHL (EBSCO);SPORTDiscus (EBSCO),10.1249/01.mss.0000759880.68230.7c,
10.1249/mss.0000000000000926,1,R00222,R00222,Web of Science,10.1249/mss.0000000000000926,27015384.0
10.1249/mss.0000000000001970,4,R01101,R00168;R00349;R01050;R01101,CENTRAL (trials export);SPORTDiscus (EBSCO);Scopus;Web of Science,10.1249/mss.0000000000001970,30829962.0
10.1249/tjx.0000000000000168,2,R00050,R00050;R00330,Scopus;Web of Science,10.1249/tjx.0000000000000168,
10.1258/136218004322986735,1,R00742,R00742,Scopus,10.1258/136218004322986735,
10.1258/ebm.2012.012137,1,R00103,R00103,Web of Science,10.1258/ebm.2012.012137,23354407.0
10.12800/ccd.v19i62.2110,1,R00974,R00974,SPORTDiscus (EBSCO),10.12800/ccd.v19i62.2110,
10.12892/cjgo2586.2015,1,R00417,R00417,Scopus,10.12892/cjgo2586.2015,
10.1358/dof.2010.35.7.1493928,1,R00567,R00567,Scopus,10.1358/dof.2010.35.7.1493928,
10.1358/dof.2011.036.11.1711891,1,R00528,R00528,Scopus,10.1358/dof.2011.036.11.1711891,
10.1358/dot.2003.39.6.799447,1,R00750,R00750,Scopus,10.1358/dot.2003.39.6.799447,
10.1358/dot.2006.42.6.985633,1,R00706,R00706,Scopus,10.1358/dot.2006.42.6.985633,
10.1358/dot.2013.49.11.2020937,1,R00437,R00437,Scopus,10.1358/dot.2013.49.11.2020937,
10.1371/journal.pone.0329774,4,R00026,R00026;R00056;R00233;R01118,CENTRAL (trials export);PubMed;Scopus;Web of Science,10.1371/journal.pone.0329774,41021558.0
10.1385/mo:23:2:147,1,R00698,R00698,Scopus,10.1385/mo:23:2:147,
10.14670/hh-18-221,1,R00114,R00114,Web of Science,10.14670/hh-18-221,32323293.0
10.1517/13543784.17.3.335,1,R00647,R00647,Scopus,10.1517/13543784.17.3.335,
10.1517/13543784.7.10.1629,1,R00804,R00804,Scopus,10.1517/13543784.7.10.1629,
10.1517/14656566.2011.525218,1,R00523,R00523,Scopus,10.1517/14656566.2011.525218,
10.1517/14656566.3.6.755,1,R00763,R00763,Scopus,10.1517/14656566.3.6.755,
10.1517/14656566.5.4.981,1,R00741,R00741,Scopus,10.1517/14656566.5.4.981,
10.1517/14656566.6.7.1231,1,R00719,R00719,Scopus,10.1517/14656566.6.7.1231,
10.1517/14656566.8.13.2189,1,R00671,R00671,Scopus,10.1517/14656566.8.13.2189,
10.1517/14712590903514090,1,R00564,R00564,Scopus,10.1517/14712590903514090,
10.1517/14712591003689972,1,R00554,R00554,Scopus,10.1517/14712591003689972,
10.1517/14712598.2013.783007,1,R00453,R00453,Scopus,10.1517/14712598.2013.783007,
10.1517/14712598.7.2.257,1,R00679,R00679,Scopus,10.1517/14712598.7.2.257,
10.1517/14712598.8.2.221,1,R00650,R00650,Scopus,10.1517/14712598.8.2.221,
10.1517/14728210802625671,1,R00608,R00608,Scopus,10.1517/14728210802625671,
10.1517/14728214.2011.640672,1,R00505,R00505,Scopus,10.1517/14728214.2011.640672,
10.1517/14728214.2016.1146680,1,R00402,R00402,Scopus,10.1517/14728214.2016.1146680,
10.1517/14740338.4.2.219,1,R00722,R00722,Scopus,10.1517/14740338.4.2.219,
10.1517/17425247.2013.805200,1,R00441,R00441,Scopus,10.1517/17425247.2013.805200,
10.1517/17425247.5.2.205,1,R00649,R00649,Scopus,10.1517/17425247.5.2.205,
10.1517/17460441.2012.695774,1,R00477,R00477,Scopus,10.1517/17460441.2012.695774,
10.1556/monkol.53.2009.4.6,1,R00580,R00580,Scopus,10.1556/monkol.53.2009.4.6,
10.1586/14737140.2014.983083,1,R00420,R00420,Scopus,10.1586/14737140.2014.983083,
10.1586/14737140.2015.1067610,1,R00408,R00408,Scopus,10.1586/14737140.2015.1067610,
10.1586/14737140.6.6.849,1,R00704,R00704,Scopus,10.1586/14737140.6.6.849,
10.1586/14737140.6.7.1065,2,R00078,R00078;R00693,Scopus;Web of Science,10.1586/14737140.6.7.1065,16831078.0
10.1586/14737140.7.7.919,1,R00674,R00674,Scopus,10.1586/14737140.7.7.919,
10.1586/era.10.129,1,R00540,R00540,Scopus,10.1586/era.10.129,
10.1634/theoncologist.10-9-665,1,R00713,R00713,Scopus,10.1634/theoncologist.10-9-665,
10.1634/theoncologist.11-10-1081,1,R00686,R00686,Scopus,10.1634/theoncologist.11-10-1081,
10.1634/theoncologist.2007-0180,1,R00645,R00645,Scopus,10.1634/theoncologist.2007-0180,
10.1634/theoncologist.2008-0162,1,R00945,R00945,CINAHL (EBSCO),10.1634/theoncologist.2008-0162,
10.1634/theoncologist.2008-0230,1,R00604,R00604,Scopus,10.1634/theoncologist.2008-0230,
10.1634/theoncologist.2008-0816,2,R00164,R00164;R00626,Scopus;Web of Science,10.1634/theoncologist.2008-0816,18849320.0
10.1634/theoncologist.2009-0145,1,R00577,R00577,Scopus,10.1634/theoncologist.2009-0145,
10.1634/theoncologist.2010-0035,2,R00093,R00093;R00518,Scopus;Web of Science,10.1634/theoncologist.2010-0035,21632460.0
10.1634/theoncologist.2010-0387,1,R00517,R00517,Scopus,10.1634/theoncologist.2010-0387,
10.1634/theoncologist.2010-0412,1,R00502,R00502,Scopus,10.1634/theoncologist.2010-0412,
10.1634/theoncologist.2011-0165,1,R00530,R00530,Scopus,10.1634/theoncologist.2011-0165,
10.1634/theoncologist.2013-0020,1,R00451,R00451,Scopus,10.1634/theoncologist.2013-0020,
10.1634/theoncologist.3-4-237,1,R00808,R00808,Scopus,10.1634/theoncologist.3-4-237,
10.1634/theoncologist.3-4-263,1,R00807,R00807,Scopus,10.1634/theoncologist.3-4-263,
10.1634/theoncologist.9-6-617,1,R00733,R00733,Scopus,10.1634/theoncologist.9-6-617,
10.1677/erc-08-0208,1,R00592,R00592,Scopus,10.1677/erc-08-0208,
10.1677/erc.1.01045,1,R00717,R00717,Scopus,10.1677/erc.1.01045,
10.1684/bdc.2007.0562,1,R00655,R00655,Scopus,10.1684/bdc.2007.0562,
10.1684/bdc.2010.1224,1,R00171,R00171,Web of Science,10.1684/bdc.2010.1224,21134821.0
10.17309/tmfv.2024.4.18,1,R00995,R00995,SPORTDiscus (EBSCO),10.17309/tmfv.2024.4.18,
10.18502/ssu.v31i1.12334,1,R00868,R00868,CINAHL (EBSCO),10.18502/ssu.v31i1.12334,
10.18632/aging.100114,1,R00220,R00220,Web of Science,10.18632/aging.100114,20157582.0
10.19401/j.cnki.1007-3639.2024.03.006,1,R00265,R00265,Scopus,10.19401/j.cnki.1007-3639.2024.03.006,
10.19582/j.cnki.l1-3785/g8.2023.11.013,1,R01022,R01022,SPORTDiscus (EBSCO),10.19582/j.cnki.l1-3785/g8.2023.11.013,
10.21037/gs.2017.11.09,1,R00097,R00097,Web of Science,10.21037/gs.2017.11.09,30175052.0
10.21037/tcr-23-770,1,R00267,R00267,Scopus,10.21037/tcr-23-770,
10.2122/gbc.2008.0080,1,R00632,R00632,Scopus,10.2122/gbc.2008.0080,
10.2146/ajhp120735,2,R00900,R00443;R00900,CINAHL (EBSCO);Scopus,10.2146/ajhp120735,
10.2147/bctt.s25868,1,R00474,R00474,Scopus,10.2147/bctt.s25868,
10.2147/bctt.s270799,1,R00343,R00343,Scopus,10.2147/bctt.s270799,
10.2147/bctt.s29996,1,R00495,R00495,Scopus,10.2147/bctt.s29996,
10.2147/bctt.s321721,1,R00333,R00333,Scopus,10.2147/bctt.s321721,
10.2147/bctt.s67297,1,R00432,R00432,Scopus,10.2147/bctt.s67297,
10.2147/bctt.s90627,1,R00407,R00407,Scopus,10.2147/bctt.s90627,
10.2147/cmar.s55279,1,R00401,R00401,Scopus,10.2147/cmar.s55279,
10.2147/cmar.s77400,1,R00410,R00410,Scopus,10.2147/cmar.s77400,
10.2147/dddt.s547569,1,R00245,R00245,Scopus,10.2147/dddt.s547569,
10.2147/idr.s495188,1,R00241,R00241,Scopus,10.2147/idr.s495188,
10.2147/ijn.s45429,1,R00448,R00448,Scopus,10.2147/ijn.s45429,
10.2147/ijwh.s47357,1,R00423,R00423,Scopus,10.2147/ijwh.s47357,
10.2147/ijwh.s7012,1,R00535,R00535,Scopus,10.2147/ijwh.s7012,
10.2147/oajct.s501501,1,R00202,R00202,Web of Science,10.2147/oajct.s501501,
10.2147/ott.s122397,1,R00383,R00383,Scopus,10.2147/ott.s122397,
10.2147/ott.s335934,1,R00294,R00294,Scopus,10.2147/ott.s335934,
10.2147/ott.s34235,1,R00425,R00425,Scopus,10.2147/ott.s34235,
10.2147/ott.s60586,1,R00421,R00421,Scopus,10.2147/ott.s60586,
10.2147/pgpm.s427585,1,R00291,R00291,Scopus,10.2147/pgpm.s427585,
10.2165/00003088-199426060-00002,1,R00826,R00826,Scopus,10.2165/00003088-199426060-00002,
10.2165/00003495-199345050-00011,1,R00830,R00830,Scopus,10.2165/00003495-199345050-00011,
10.2165/00003495-199448050-00009,1,R00828,R00828,Scopus,10.2165/00003495-199448050-00009,
10.2165/00003495-199700544-00003,2,R00219,R00219;R00813,Scopus;Web of Science,10.2165/00003495-199700544-00003,9361955.0
10.2165/00003495-200565070-00008,2,R01132,R00721;R01132,CENTRAL (trials export);Scopus,10.2165/00003495-200565070-00008,15892593.0
10.2165/00003495-200969110-00006,1,R00942,R00942,CINAHL (EBSCO),10.2165/00003495-200969110-00006,
10.2165/00044011-200019050-00005,2,R01034,R00786;R01034,SPORTDiscus (EBSCO);Scopus,10.2165/00044011-200019050-00005,
10.2165/00044011-200525110-00005,1,R01056,R01056,SPORTDiscus (EBSCO),10.2165/00044011-200525110-00005,
10.2165/11203240-000000000-00000,1,R00589,R00589,Scopus,10.2165/11203240-000000000-00000,
10.2165/11203700-000000000-00000,1,R00088,R00088,Web of Science,10.2165/11203700-000000000-00000,20108993.0
10.2165/11588960-000000000-00000,1,R00522,R00522,Scopus,10.2165/11588960-000000000-00000,
10.2165/11592530-000000000-00000,1,R00511,R00511,Scopus,10.2165/11592530-000000000-00000,
10.2165/11592590-000000000-00000,1,R00510,R00510,Scopus,10.2165/11592590-000000000-00000,
10.2165/11634000-000000000-00000,1,R00479,R00479,Scopus,10.2165/11634000-000000000-00000,
10.2174/011573403x328856241219114652,1,R00217,R00217,Web of Science,10.2174/011573403x328856241219114652,39931849.0
10.2174/092986706779026174,1,R00685,R00685,Scopus,10.2174/092986706779026174,
10.2174/092986712798992075,1,R00488,R00488,Scopus,10.2174/092986712798992075,
10.2174/138161213805289273,1,R00466,R00466,Scopus,10.2174/138161213805289273,
10.2174/1381612820666140604145037,1,R00431,R00431,Scopus,10.2174/1381612820666140604145037,
10.2174/138620703106298635,1,R00758,R00758,Scopus,10.2174/138620703106298635,
10.2174/138920008785821675,1,R00631,R00631,Scopus,10.2174/138920008785821675,
10.2174/1389203724666230418123409,1,R00293,R00293,Scopus,10.2174/1389203724666230418123409,
10.2174/138945009789578007,1,R00584,R00584,Scopus,10.2174/138945009789578007,
10.2174/13894501113149990161,1,R00445,R00445,Scopus,10.2174/13894501113149990161,
10.2174/138945011705160303154717,1,R00398,R00398,Scopus,10.2174/138945011705160303154717,
10.2174/138945011798184227,1,R00507,R00507,Scopus,10.2174/138945011798184227,
10.2174/1389450122666210901121935,1,R00304,R00304,Scopus,10.2174/1389450122666210901121935,
10.2174/138955712802762022,2,R00196,R00196;R00472,Scopus;Web of Science,10.2174/138955712802762022,22512558.0
10.2174/1567201811666140609154949,1,R00429,R00429,Scopus,10.2174/1567201811666140609154949,
10.2174/156800906778194586,1,R00688,R00688,Scopus,10.2174/156800906778194586,
10.2174/156800906778742497,1,R00687,R00687,Scopus,10.2174/156800906778742497,
10.2174/156800909787314048,1,R00613,R00613,Scopus,10.2174/156800909787314048,
10.2174/156800909787581024,1,R00609,R00609,Scopus,10.2174/156800909787581024,
10.2174/156800909788166484,1,R00601,R00601,Scopus,10.2174/156800909788166484,
10.2174/156800909788166529,1,R00602,R00602,Scopus,10.2174/156800909788166529,
10.2174/1568011043482061,1,R00740,R00740,Scopus,10.2174/1568011043482061,
10.2174/157016007780831754,1,R00676,R00676,Scopus,10.2174/157016007780831754,
10.2174/157339410790596443,1,R00561,R00561,Scopus,10.2174/157339410790596443,
10.2174/157340311799960627,1,R00509,R00509,Scopus,10.2174/157340311799960627,
10.2174/157340311799960654,1,R00508,R00508,Scopus,10.2174/157340311799960654,
10.2174/157341310791658991,1,R00534,R00534,Scopus,10.2174/157341310791658991,
10.2174/157488707780599375,1,R00677,R00677,Scopus,10.2174/157488707780599375,
10.2174/157488709789957682,1,R00581,R00581,Scopus,10.2174/157488709789957682,
10.2174/157488807779316964,1,R00683,R00683,Scopus,10.2174/157488807779316964,
10.2174/157489109789318532,1,R00586,R00586,Scopus,10.2174/157489109789318532,
10.2174/157489208784638794,1,R00636,R00636,Scopus,10.2174/157489208784638794,
10.2174/157489208786242313,1,R00624,R00624,Scopus,10.2174/157489208786242313,
10.2174/187152008784533080,1,R00638,R00638,Scopus,10.2174/187152008784533080,
10.2174/187152010793498609,1,R00570,R00570,Scopus,10.2174/187152010793498609,
10.2174/187152012803529646,1,R00469,R00469,Scopus,10.2174/187152012803529646,
10.2174/1871520610909040415,1,R00621,R00621,Scopus,10.2174/1871520610909040415,
10.2174/1871520611313020018,1,R00455,R00455,Scopus,10.2174/1871520611313020018,
10.2174/1871520611313030009,1,R00454,R00454,Scopus,10.2174/1871520611313030009,
10.2174/18715206113136660358,1,R00463,R00463,Scopus,10.2174/18715206113136660358,
10.2196/40811,1,R00124,R00124,Web of Science,10.2196/40811,36367769.0
10.2196/45244,1,R00060,R00060,Web of Science,10.2196/45244,36920460.0
10.22159/ijap.2022v14i2.43474,1,R00307,R00307,Scopus,10.22159/ijap.2022v14i2.43474,
10.2217/14796694.4.3.323,1,R00639,R00639,Scopus,10.2217/14796694.4.3.323,
10.2217/17455057.2.1.11,1,R00708,R00708,Scopus,10.2217/17455057.2.1.11,
10.2217/17455057.5.2.135,2,R00092,R00092;R00593,Scopus;Web of Science,10.2217/17455057.5.2.135,19245352.0
10.2217/1745509x.4.3.267,1,R00637,R00637,Scopus,10.2217/1745509x.4.3.267,
10.2217/clp.10.12,1,R00555,R00555,Scopus,10.2217/clp.10.12,
10.2217/cpr.12.25,1,R00481,R00481,Scopus,10.2217/cpr.12.25,
10.2217/fca.15.29,1,R00061,R00061,Web of Science,10.2217/fca.15.29,26234325.0
10.2217/fon-2018-0270,1,R00901,R00901,CINAHL (EBSCO),10.2217/fon-2018-0270,
10.2217/fon-2018-0896,1,R00351,R00351,Scopus,10.2217/fon-2018-0896,
10.2217/fon-2020-0326,1,R00880,R00880,CINAHL (EBSCO),10.2217/fon-2020-0326,
10.2217/fon.11.49,1,R00519,R00519,Scopus,10.2217/fon.11.49,
10.2217/fon.12.95,1,R00475,R00475,Scopus,10.2217/fon.12.95,
10.2217/pgs.14.133,1,R00413,R00413,Scopus,10.2217/pgs.14.133,
10.2217/thy.09.25,1,R00596,R00596,Scopus,10.2217/thy.09.25,
10.2217/whe.09.54,1,R00583,R00583,Scopus,10.2217/whe.09.54,
10.2217/whe.15.9,1,R00411,R00411,Scopus,10.2217/whe.15.9,
10.2478/sjecr-2018-0019,1,R00336,R00336,Scopus,10.2478/sjecr-2018-0019,
10.2522/ptj.20070309,1,R01067,R01067,SPORTDiscus (EBSCO),10.2522/ptj.20070309,
10.2522/ptj.20140106,1,R01041,R01041,SPORTDiscus (EBSCO),10.2522/ptj.20140106,
10.29219/fnr.v65.3602,1,R01044,R01044,SPORTDiscus (EBSCO),10.29219/fnr.v65.3602,
10.29219/fnr.v66.7923,1,R01042,R01042,SPORTDiscus (EBSCO),10.29219/fnr.v66.7923,
10.29219/fnr.v68.9650,1,R01019,R01019,SPORTDiscus (EBSCO),10.29219/fnr.v68.9650,
10.3109/0284186x.2010.533190,1,R00098,R00098,Web of Science,10.3109/0284186x.2010.533190,21231780.0
10.3109/0284186x.2013.781673,1,R00889,R00889,CINAHL (EBSCO),10.3109/0284186x.2013.781673,
10.3109/08982109409037035,1,R00825,R00825,Scopus,10.3109/08982109409037035,
10.3109/09637486.2014.937801,1,R01075,R01075,SPORTDiscus (EBSCO),10.3109/09637486.2014.937801,
10.3233/bd-2004-20104,1,R00746,R00746,Scopus,10.3233/bd-2004-20104,
10.3349/ymj.2023.0638,1,R00257,R00257,Scopus,10.3349/ymj.2023.0638,
10.33808/clinexphealthsci.1251705,1,R00855,R00855,CINAHL (EBSCO),10.33808/clinexphealthsci.1251705,
10.3389/fcvm.2022.1000846,4,R00024,R00024;R00154;R00299;R01131,CENTRAL (trials export);PubMed;Scopus;Web of Science,10.3389/fcvm.2022.1000846,36211552.0
10.3389/fcvm.2022.863314,1,R00303,R00303,Scopus,10.3389/fcvm.2022.863314,
10.3389/fcvm.2023.1021937,2,R00079,R00079;R00288,Scopus;Web of Science,10.3389/fcvm.2023.1021937,36844736.0
10.3389/fcvm.2023.1283153,4,R00025,R00025;R00057;R00290;R01146,CENTRAL (trials export);PubMed;Scopus;Web of Science,10.3389/fcvm.2023.1283153,38111886.0
10.3389/fcvm.2025.1668308,1,R00214,R00214,Web of Science,10.3389/fcvm.2025.1668308,41210341.0
10.3389/fcvm.2025.1707889,2,R00045,R00045;R00104,PubMed;Web of Science,10.3389/fcvm.2025.1707889,41567388.0
10.3389/fonc.2020.561936,1,R00334,R00334,Scopus,10.3389/fonc.2020.561936,
10.3389/fonc.2021.708943,1,R00331,R00331,Scopus,10.3389/fonc.2021.708943,
10.3389/fonc.2021.744609,3,R00035,R00035;R00046;R00319,PubMed;Scopus;Web of Science,10.3389/fonc.2021.744609,34966667.0
10.3389/fonc.2022.809304,1,R00310,R00310,Scopus,10.3389/fonc.2022.809304,
10.3389/fphar.2024.1479983,1,R00221,R00221,Web of Science,10.3389/fphar.2024.1479983,39703393.0
10.3389/fspor.2025.1534861,1,R00955,R00955,SPORTDiscus (EBSCO),10.3389/fspor.2025.1534861,
10.3389/fspor.2025.1594733,1,R00965,R00965,SPORTDiscus (EBSCO),10.3389/fspor.2025.1594733,
10.3390/app11188336,2,R00172,R00172;R00327,Scopus;Web of Science,10.3390/app11188336,
10.3390/cancers12082240,1,R00128,R00128,Web of Science,10.3390/cancers12082240,32796499.0
10.3390/cancers13174271,1,R00928,R00928,CINAHL (EBSCO),10.3390/cancers13174271,
10.3390/cancers13194910,1,R00927,R00927,CINAHL (EBSCO),10.3390/cancers13194910,
10.3390/cancers14061577,2,R00153,R00153;R00308,Scopus;Web of Science,10.3390/cancers14061577,35326728.0
10.3390/cancers14184543,1,R00300,R00300,Scopus,10.3390/cancers14184543,
10.3390/cancers14215322,1,R00874,R00874,CINAHL (EBSCO),10.3390/cancers14215322,
10.3390/cancers14235811,1,R00295,R00295,Scopus,10.3390/cancers14235811,
10.3390/cancers15061897,1,R00284,R00284,Scopus,10.3390/cancers15061897,
10.3390/cancers15112880,1,R00867,R00867,CINAHL (EBSCO),10.3390/cancers15112880,
10.3390/cancers15153842,1,R00866,R00866,CINAHL (EBSCO),10.3390/cancers15153842,
10.3390/cancers15245799,1,R00270,R00270,Scopus,10.3390/cancers15245799,
10.3390/cancers17050881,1,R00156,R00156,Web of Science,10.3390/cancers17050881,40075728.0
10.3390/cancers17162670,1,R00840,R00840,CINAHL (EBSCO),10.3390/cancers17162670,
10.3390/curroncol28050351,1,R00324,R00324,Scopus,10.3390/curroncol28050351,
10.3390/curroncol30120743,1,R00271,R00271,Scopus,10.3390/curroncol30120743,
10.3390/ijms23042144,1,R00311,R00311,Scopus,10.3390/ijms23042144,
10.3390/ijms24032885,1,R00289,R00289,Scopus,10.3390/ijms24032885,
10.3390/jcm9051379,4,R00032,R00032;R00187;R00340;R01136,CENTRAL (trials export);PubMed;Scopus;Web of Science,10.3390/jcm9051379,32392882.0
10.3390/jfmk10040453,1,R00963,R00963,SPORTDiscus (EBSCO),10.3390/jfmk10040453,
10.3390/life12071006,1,R00074,R00074,Web of Science,10.3390/life12071006,35888095.0
10.3390/sports8060080,1,R01029,R01029,SPORTDiscus (EBSCO),10.3390/sports8060080,
10.35336/va-2020-3-34-41,1,R00342,R00342,Scopus,10.35336/va-2020-3-34-41,
10.37029/jcas.v10i2.613,2,R00034,R00034;R00184,PubMed;Web of Science,10.37029/jcas.v10i2.613,39156939.0
10.3760/cma.j.cn112148-20250112-00035,3,R00043,R00043;R00099;R00235,PubMed;Scopus;Web of Science,10.3760/cma.j.cn112148-20250112-00035,40825731.0
10.37616/2212-5043.1433,4,R01125,R00158;R00246;R00843;R01125,CENTRAL (trials export);CINAHL (EBSCO);Scopus;Web of Science,10.37616/2212-5043.1433,40458660.0
10.3816/cbc.2002.s.006,1,R00770,R00770,Scopus,10.3816/cbc.2002.s.006,
10.3816/cbc.2003.s.009,1,R00759,R00759,Scopus,10.3816/cbc.2003.s.009,
10.3816/cbc.2004.n.005,1,R00744,R00744,Scopus,10.3816/cbc.2004.n.005,
10.3816/cbc.2005.n.044,1,R00727,R00727,Scopus,10.3816/cbc.2005.n.044,
10.3816/cbc.2008.n.002,1,R00660,R00660,Scopus,10.3816/cbc.2008.n.002,
10.3816/cbc.2008.s.001,1,R00654,R00654,Scopus,10.3816/cbc.2008.s.001,
10.3816/cbc.2008.s.006,1,R00659,R00659,Scopus,10.3816/cbc.2008.s.006,
10.3816/cbc.2008.s.008,1,R00658,R00658,Scopus,10.3816/cbc.2008.s.008,
10.3816/cbc.2008.s.011,1,R00651,R00651,Scopus,10.3816/cbc.2008.s.011,
10.3816/cbc.2009.s.005,2,R00953,R00619;R00953,CINAHL (EBSCO);Scopus,10.3816/cbc.2009.s.005,
10.3816/cbc.2010.n.046,1,R00921,R00921,CINAHL (EBSCO),10.3816/cbc.2010.n.046,
10.3816/cbc.2010.n.056,1,R00569,R00569,Scopus,10.3816/cbc.2010.n.056,
10.3816/coc.2009.n.004,1,R00617,R00617,Scopus,10.3816/coc.2009.n.004,
10.3892/ijo.2020.5100,1,R00337,R00337,Scopus,10.3892/ijo.2020.5100,
10.3897/pharmacia.72.e148259,1,R00244,R00244,Scopus,10.3897/pharmacia.72.e148259,
10.3969/j.issn.1007-9572.2016.07.012,1,R00399,R00399,Scopus,10.3969/j.issn.1007-9572.2016.07.012,
10.4065/84.6.533,1,R00080,R00080,Web of Science,10.4065/84.6.533,19483170.0
10.4103/0973-1482.183190,1,R00904,R00904,CINAHL (EBSCO),10.4103/0973-1482.183190,
10.4103/jcar.jcar_14_19,1,R00365,R00365,Scopus,10.4103/jcar.jcar_14_19,
10.4137/bcbcr.s6374,1,R00497,R00497,Scopus,10.4137/bcbcr.s6374,
10.4137/bmi.s22436,1,R00406,R00406,Scopus,10.4137/bmi.s22436,
10.4137/cmo.s34537,1,R00896,R00896,CINAHL (EBSCO),10.4137/cmo.s34537,
10.4137/cmo.s5964,1,R00529,R00529,Scopus,10.4137/cmo.s5964,
10.4143/crt.2020.1024,3,R00029,R00029;R00137;R00325,PubMed;Scopus;Web of Science,10.4143/crt.2020.1024,33705623.0
10.4147/hto-100707,1,R00568,R00568,Scopus,10.4147/hto-100707,
10.4149/neo_2017_111,1,R00388,R00388,Scopus,10.4149/neo_2017_111,
10.47197/retos.v56.95088,1,R00956,R00956,SPORTDiscus (EBSCO),10.47197/retos.v56.95088,
10.47197/retos.v61.108624,1,R00958,R00958,SPORTDiscus (EBSCO),10.47197/retos.v61.108624,
10.47197/retos.v67.111812,1,R00954,R00954,SPORTDiscus (EBSCO),10.47197/retos.v67.111812,
10.47197/retos.v68.110146,1,R00968,R00968,SPORTDiscus (EBSCO),10.47197/retos.v68.110146,
10.47197/retos.v69.112382,1,R00957,R00957,SPORTDiscus (EBSCO),10.47197/retos.v69.112382,
10.47197/retos.v70.108634,1,R00969,R00969,SPORTDiscus (EBSCO),10.47197/retos.v70.108634,
10.5414/cp203123,3,R00005,R00005;R00094;R00374,PubMed;Scopus;Web of Science,10.5414/cp203123,29231164.0
10.5604/20831862.1120931,1,R01076,R01076,SPORTDiscus (EBSCO),10.5604/20831862.1120931,
10.5606/tftrd.2022.7120,1,R01003,R01003,SPORTDiscus (EBSCO),10.5606/tftrd.2022.7120,
10.5606/tftrd.2022.7375,1,R00979,R00979,SPORTDiscus (EBSCO),10.5606/tftrd.2022.7375,
10.57187/s.3588,1,R00157,R00157,Web of Science,10.57187/s.3588,38885132.0
10.6004/jnccn.2016.0129,1,R00392,R00392,Scopus,10.6004/jnccn.2016.0129,
10.6063/motricidade.16967,1,R01006,R01006,SPORTDiscus (EBSCO),10.6063/motricidade.16967,
10.6063/motricidade.31040,1,R00997,R00997,SPORTDiscus (EBSCO),10.6063/motricidade.31040,
10.7150/ijbs.6058,1,R00456,R00456,Scopus,10.7150/ijbs.6058,
10.7717/peerj.12594,1,R00314,R00314,Scopus,10.7717/peerj.12594,
10203264,1,R00096,R00096,Web of Science,,10203264.0
10403474,2,R00031,R00031;R00087,PubMed;Web of Science,,10403474.0
11280756,1,R00218,R00218,Web of Science,,11280756.0
12503775,1,R00155,R00155,Web of Science,,12503775.0
14654958,1,R00185,R00185,Web of Science,,14654958.0
1831987,1,R00003,R00003,PubMed,,1831987.0
19169606,1,R00089,R00089,Web of Science,,19169606.0
24222132,1,R00083,R00083,Web of Science,,24222132.0
29735461,2,R00007,R00007;R01084,CENTRAL (trials export);PubMed,,29735461.0
34700951,1,R00126,R00126,Web of Science,,34700951.0
40892956,1,R00042,R00042,PubMed,,40892956.0
8091238,1,R00149,R00149,Web of Science,,8091238.0
9066598,2,R00044,R00044;R00203,PubMed;Web of Science,,9066598.0
9865705,2,R00022,R00022;R00105,PubMed;Web of Science,,9865705.0
a review of the efficacy and safety of docetaxel as monotherapy in metastatic breast cancer|1999|Crown,1,R00795,R00795,Scopus,,
"activit physique et cancer|2018|S., Koçer",1,R01028,R01028,SPORTDiscus (EBSCO),,
"adjuvant treatment of her2 positive breast cancer winning efforts continue to improve her2 positive patient outcome long term|2012|Jankowitz, Rachel C",1,R00948,R00948,CINAHL (EBSCO),,
administration strategies of cytotoxic and cytostatic agents in solid tumor therapy|2001|Kerpel-Fronius,1,R00784,R00784,Scopus,,
"adverse event management strategies and interventions for treatment of patients with hr her2 advanced breast cancer with alpelisib plus fulvestrant 10th annual navigation survivorship conference november 6 10 2019 nashville tn|2019|Santos, Gretchen",1,R00931,R00931,CINAHL (EBSCO),,
"anthracycline pretreated patients who is who in the chemotherapy choice of relapsed breast cancer|2005|Dediu, M.",1,R00730,R00730,Scopus,,
"association of cytokines with quality of life among breast cancer survivors a randomized pilot study exploring the effect of tai chi chuan|2009|Darling, T V",1,R00946,R00946,CINAHL (EBSCO),,
"bibw 2992 a dual receptor tyrosine kinase inhibitor for the treatment of solid tumors|2008|Minkovsky, N.",1,R00625,R00625,Scopus,,
breast cancer target therapy cardiotoxicity and theoretical basis for design of customized oncologic patiens oriented training programs|2013|Zelko,1,R01077,R01077,SPORTDiscus (EBSCO),,
caloric restriction and exercise for protection from anthracycline toxic effects|2017|NCT03131024,3,R01149,R01149;R01192;R01262,CENTRAL (trials export);ClinicalTrials.gov;WHO ICTRP,,
cancer adverse effects prevention with care exercise the caprice study|2019|NCT03850171,3,R01134,R01134;R01215;R01277,CENTRAL (trials export);ClinicalTrials.gov;WHO ICTRP,,
cancer and age|1994|Balducci,1,R00822,R00822,Scopus,,
cardiac rehabilitation for breast cancer survivors|2024|NCT06251401,2,R01092,R01092;R01182,CENTRAL (trials export);ClinicalTrials.gov,,
cardiac rehabilitation program on the prevention of cardiotoxicity in breast cancer patients undergoing treatment with anthracyclines and or trastuzumab|2025|NCT06881940,2,R01151,R01151;R01170,CENTRAL (trials export);ClinicalTrials.gov,,
cardioprotective effect of acute exercise in breast cancer patients|2022|NCT05467111,2,R01091,R01091;R01187,CENTRAL (trials export);ClinicalTrials.gov,,
characterization of trpc6 to predict and prevent chemotherapy related heart failure|2022|,1,R00077,R00077,Web of Science,,
chemotherapy for breast cancer|2001|Vukas,1,R00772,R00772,Scopus,,
"chemotherapy induced cardiovascular toxicity beyond anthracyclines|2014|Ai, D.",1,R00434,R00434,Scopus,,
clinical and translational science award|2021|,1,R00194,R00194,Web of Science,,
"combined exercise intervention in a mouse model of high risk neuroblastoma effects on physical immune tumor and clinical outcomes|2023|Rincón-Castanedo, Cecilia",1,R01000,R01000,SPORTDiscus (EBSCO),,
"contributions of pharmacogenomics to enhance the efficiency of randomized clinical trials aspectos metodol gicos y ticos de la farmacogen mica en los ensayos cl nicos aleatorizados|2006|Castillejos-López, M.",1,R00689,R00689,Scopus,,
current and planned clinical trials with trastuzumab herceptin|2000|Baselga,1,R00788,R00788,Scopus,,
development project 2|2013|,1,R00138,R00138,Web of Science,,
development project 2|2014|,1,R00136,R00136,Web of Science,,
development project 2|2015|,1,R00076,R00076,Web of Science,,
"docetaxel and anthracycline polychemotherapy in the treatment of breast cancer|1999|Nabholtz, J.-M.",1,R00793,R00793,Scopus,,
"docetaxel taxotere in combination with anthracyclines in the treatment of breast cancer|2000|Nabholtz, J.-M.",1,R00785,R00785,Scopus,,
docetaxel versus doxorubicin in patients with metastatic breast cancer who have failed alkylating chemotherapy a preliminary report of the randomized phase iii trial|1998|Aapro,1,R00801,R00801,Scopus,,
docetaxel vs doxorubicin in metastatic breast cancer resistant to alkylating chemotherapy|1997|Chan,1,R00810,R00810,Scopus,,
dofequidar fumarate ms 209 in combination with cyclophosphamide doxorubicin and fluorouracil for patients with advanced or recurrent breast cancer|2007|Saeki T,1,R00911,R00911,CINAHL (EBSCO),,
"doxorubicin paclitaxel combination chemotherapy for metastatic breast cancer the eastern cooperative oncology group experience|1995|Sledge, G.W.",1,R00816,R00816,Scopus,,
doxorubicin taxane combinations cardiac toxicity and pharmacokinetics|1999|Sparano,1,R00792,R00792,Scopus,,
"early detection of the anthracycline induced cardiotoxicity a non invasive haemodynamic study|1997|Massidda, B.",1,R00812,R00812,Scopus,,
effect of anthracycline combined with aerobic exercise on the treatment of breast cancer|2018|Ma,1,R00371,R00371,Scopus,,
effect of dapaglifozin on myocardial remodeling of breast cancer patients treated with anthracycline based chemotherapy|2024|NCT06711185,1,R01106,R01106,CENTRAL (trials export),,
effect of exercise on cancer therapy related cardiac dysfunction in women with breast cancer undergoing chemotherapy|2021|ACTRN12621001030864,1,R01129,R01129,CENTRAL (trials export),,
effect of high intensity interval training with blood flow restriction on cardiovascular function of cardiotoxic patients after breast cancer therapy|2020|IRCT20200412047045N1,1,R01119,R01119,CENTRAL (trials export),,
"effectiveness of the modified otago exercise program on blood pressure and vascular function in older adults with hypertension|2023|Eaungpulsawat, Warrissara",1,R00986,R00986,SPORTDiscus (EBSCO),,
effects and possible mechanisms of exercise exercise on anthracycline induced cardiovascular toxicity in breast cancer patients|2023|ChiCTR2300073667,2,R01103,R01103;R01256,CENTRAL (trials export);WHO ICTRP,,
effects of antioxidant supplementation during breast cancer adjuvant therapy|2009|,1,R00108,R00108,Web of Science,,
effects of antioxidant supplementation during breast cancer adjuvant therapy|2010|,1,R00107,R00107,Web of Science,,
effects of antioxidant supplementation during breast cancer adjuvant therapy|2011|,1,R00112,R00112,Web of Science,,
effects of antioxidant supplementation during breast cancer adjuvant therapy|2012|,1,R00109,R00109,Web of Science,,
effects of antioxidant supplementation during breast cancer adjuvant therapy|2013|,1,R00119,R00119,Web of Science,,
effects of exercise on changes in cardiovascular biomarkers in patients with breast cancer during anthracycline based chemotherapy|2023|,1,R00049,R00049,Web of Science,,
"effects of high intensity interval training on endothelial function in breast cancer patients undergoing anthracycline chemotherapy|2018|Lee, K",1,R01113,R01113,CENTRAL (trials export),,
effects of physical exercise on cardiac health in women with breast cancer|2018|ISRCTN32617901,2,R01130,R01130;R01260,CENTRAL (trials export);WHO ICTRP,,
effects of physical exercise on patients treated with drugs for breast cancer|2025|RBR-9fnhzqw,2,R01090,R01090;R01254,CENTRAL (trials export);WHO ICTRP,,
efficacy of cardio oncology rehabilitation exercise for women with breast cancer and treatment related cardiotoxicity|2017|NCT03089502,3,R01116,R01116;R01162;R01279,CENTRAL (trials export);ClinicalTrials.gov;WHO ICTRP,,
exercise based cardiac rehabilitation for the prevention of breast cancer chemotherapy induced cardiotoxicity|2019|NCT03964142,3,R01121,R01121;R01176;R01276,CENTRAL (trials export);ClinicalTrials.gov;WHO ICTRP,,
exercise for diagnosis and treatment of heart dysfunction among breast cancer patients|2017|ACTRN12617001408370,2,R01143,R01143;R01261,CENTRAL (trials export);WHO ICTRP,,
exercise preconditioning and breast cancer cardiotoxicity|2016|NCT02842658,3,R01088,R01088;R01189;R01264,CENTRAL (trials export);ClinicalTrials.gov;WHO ICTRP,,
exercise to improve neurovascular function in breast cancer survivors|2025|NCT06925529,1,R01096,R01096,CENTRAL (trials export),,
exercise to prevent anthracycline based cardio toxicity study 2 0 exact2|2018|NCT03748550,3,R01133,R01133;R01219;R01259,CENTRAL (trials export);ClinicalTrials.gov;WHO ICTRP,,
"her 2 neu and p53 expression versus tamoxifen resistance in estrogen receptor positive node positive breast cancer|2000|Berry, Donald A.",1,R00919,R00919,CINAHL (EBSCO),,
"her2 directed therapy for metastatic breast cancer|2013|Jelovac, D.",1,R00465,R00465,Scopus,,
"her2 positive breast cancer analysis of efficacy in different groups|2009|Vázquez, F.",1,R00579,R00579,Scopus,,
"her2 positive breast cancer beyond trastuzumab|2010|Murphy, C.G.",1,R00574,R00574,Scopus,,
"her2 positive breast cancer|2007|Tolaney, S.M.",1,R00673,R00673,Scopus,,
impact of exercise on mitigating the cardio toxic effects of adriamycin among women newly diagnosed with breast cancer|2017|NCT03027063,2,R01083,R01083;R01244,CENTRAL (trials export);ClinicalTrials.gov,,
integrating biological agents into systemic therapy of breast cancer trastuzumab lapatinib bevacizumab|2007|Eniu,1,R00682,R00682,Scopus,,
"is there a qualitative interaction between adjuvant trastuzumab and size of the primary tumor in breast cancer|2008|Veselỳ, P.",1,R00653,R00653,Scopus,,
"lapatinib plus pegylated liposomal doxorubicin in advanced her2 positive breast cancer following trastuzumab a phase ii trial|2015|Pircher, M.",1,R00418,R00418,Scopus,,
"m todo indirecto para estimar el consumo m ximo de ox geno en supervivientes de c ncer de mama y controles sanos|2022|Leao Ribeiro, Ivana",1,R01017,R01017,SPORTDiscus (EBSCO),,
mentoring in patient oriented research in deep phenotyping in cardio oncology|2023|,1,R00188,R00188,Web of Science,,
"new and established targets for the treatment of breast cancer|2010|Man, Y.L.",1,R00539,R00539,Scopus,,
"o exerc cio f sico como potencial redutor da cardiotoxicidade induzida por tratamentos antineopl sicos revis o sistem tica|2017|Fernando Schmidt, Luiz",1,R01039,R01039,SPORTDiscus (EBSCO),,
"optimal role of docetaxel in adjuvant chemotherapy for early stage her2 negative breast cancer uso ottimale del docetaxel nella chemioterapia adiuvante delle pazienti con carcinoma mammario her2 negativo|2008|Fattoruso, S.I.S.",1,R00628,R00628,Scopus,,
"optimal sequence of anthracyclines and taxanes as adjuvant breast cancer treatment|2008|Vici, P.",1,R00627,R00627,Scopus,,
"paclitaxel a new antineoplastic agent for refractory ovarian cancer|1993|Gregory, R.E.",1,R00829,R00829,Scopus,,
"paclitaxel in combination with vinorelbine in pretreated advanced breast cancer patients|1996|Michelotti, A.",1,R00814,R00814,Scopus,,
"paclitaxel versus doxorubicin as first line single agent chemotherapy for metastatic breast cancer a european organization for research and treatment of cancer randomized study with cross over|2000|Paridaens, R",1,R00910,R00910,CINAHL (EBSCO),,
"phase 1 study of the novel immunotoxin mt 5111 in patients with her 2 tumors|2021|Wainberg, Zev A.",1,R00197,R00197,Web of Science,,
phase i trial with two her 2 b cell epitope vaccine in patients with solid tumors|2009|,1,R00182,R00182,Web of Science,,
phase i trial with two her 2 b cell epitope vaccine in patients with solid tumors|2010|,1,R00181,R00181,Web of Science,,
"phase ii study of dexverapamil plus anthracycline in patients with metastatic breast cancer who have progressed on the same anthracycline regimen|1998|Warner, E.",1,R00806,R00806,Scopus,,
"physical exercise minimizes the toxic triad for cancer physical inactivity low fitness and obesity|2016|Morales-Rojas, Javier Salvador",1,R01037,R01037,SPORTDiscus (EBSCO),,
"preliminary results of a phase ii study paclitaxel plus vinorelbine in metastatic breast ca patients with contraindications to receive anthracyclines|1998|Martín, M.",1,R00802,R00802,Scopus,,
"preplanned first step analysis of let lob neoadjuvant study a double blind randomized phase iib trial of letrozole l plus lapatinib lp or placebo p in postmenopausal her2 ve hr ve operable breast cancer|2009|Frassoldati, A",1,R00947,R00947,CINAHL (EBSCO),,
proceedings of the canadian society for exercise physiology annual general meeting back to the beginning|2017|,1,R01020,R01020,SPORTDiscus (EBSCO),,
"prospect for anti her2 receptor therapy in breast cancer|2006|Brand, F.-X.",1,R00710,R00710,Scopus,,
"review of docetaxel and doxorubicin based combinations in the management of breast cancer from metastatic to adjuvant setting|1999|Nabholtz, J.-M.",1,R00794,R00794,Scopus,,
"role of lapatinib in the first line treatment of patients with metastatic breast cancer|2010|Oakman, C.",1,R00575,R00575,Scopus,,
salvage chemotherapy of breast cancer|1994|Norton,1,R00823,R00823,Scopus,,
"state of the art chemotherapy for advanced breast cancer|2000|Piccart-Gebhart, M.J.",1,R00787,R00787,Scopus,,
strain imaging utility in early diagnosis of chemotherapy induced cardiac dysfunction an edge over routine echocardiography|2023|Talera,1,R01150,R01150,CENTRAL (trials export),,
supervised physical activity in young women with early breast cancer during neoadjuvant chemotherpy|2020|NCT06190600,2,R01099,R01099;R01163,CENTRAL (trials export);ClinicalTrials.gov,,
"systemic therapy of metastatic breast cancer|2014|Separović, R.",1,R00428,R00428,Scopus,,
"systems approaches to polypharmacology and drug discovery|2010|Boran, A.D.W.",1,R00552,R00552,Scopus,,
"t dm1 a giant step forwards in her2 therapeutics|2013|Dey, D.",1,R00442,R00442,Scopus,,
"taxol the first of the taxanes an important new class of antitumor agents|1992|Rowinsky, E.K.",1,R00831,R00831,Scopus,,
the anthrapyrazoles a new class of compounds with clinical activity in breast cancer|1992|Judson,1,R00832,R00832,Scopus,,
the effect of functional exercise matrix on preventing treatment related cardiotoxicity in breast cancer patients|2022|ChiCTR2200063839,2,R01112,R01112;R01272,CENTRAL (trials export);WHO ICTRP,,
the exercise effects on cardiotoxicity in breast cancer patients receiving anthracycline based chemotherapy|2019|TCTR20190330002,2,R01094,R01094;R01258,CENTRAL (trials export);WHO ICTRP,,
"the role of anthracyclines and taxanes in the current treatment of metastatic breast cancer stellenwert der anthrazykline und taxane in der modernen therapie des metastasierten mammakarzinoms|2002|Schneeweiß, A.",1,R00769,R00769,Scopus,,
"the role of exercise and hyperlipidaemia in breast cancer progression|2018|Buss, Linda A.",1,R01030,R01030,SPORTDiscus (EBSCO),,
trastuzumab and capecitabine for metastatic breast cancer|1998|,1,R00803,R00803,Scopus,,
"trastuzumab as adjuvant treatment for early stage her 2 positive breast cancer|2011|Bartsch, R.",1,R00504,R00504,Scopus,,
"treatment considerations for older patients with cancer|1994|Ershler, W.B.",1,R00824,R00824,Scopus,,
"treatment of refractory metastatic breast cancer with 5 fluorouracil plus levofolinic acid as continuous venous infusion a phase ii study|1999|Gebbia, V.",1,R00790,R00790,Scopus,,
"treatment with trastuzumab beyond progression|2011|von Minckwitz, G.",1,R00503,R00503,Scopus,,
"tumor targeting using liposomal antineoplastic drugs|2008|Huwyler, J.",1,R00643,R00643,Scopus,,
"unleashing anti tumour immunity dietary restriction and exercise interventions adjunct to chemotherapy for cancer patients|2024|Crespo-Garcia, Cristina",1,R00981,R00981,SPORTDiscus (EBSCO),,
untitled|2019|,1,R01010,R01010,SPORTDiscus (EBSCO),,
"value of epidermal growth factor receptor her2 p53 and steroid receptors in predicting the efficacy of tamoxifen in high risk postmenopausal breast cancer patients|2001|Knoop, Ann S.",1,R00916,R00916,CINAHL (EBSCO),,
|2023|الهام شهاب پور,1,R00959,R00959,SPORTDiscus (EBSCO),,
10.1007/s10549-026-07903-x,3,R01154,R01154;R01157;R01158,PubMed;Scopus;Web of Science,10.1007/s10549-026-07903-x,41636910.0
a study on the effect of an exercise program on protecting heart health in breast cancer patients during anti cancer treatment|2025|ChiCTR2500114707,2,R01155,R01155;R01265,CENTRAL (trials export);WHO ICTRP,,
10.1136/heartjnl-2025-bacpr.49,1,R01156,R01156,CENTRAL (trials export),10.1136/heartjnl-2025-bacpr.49,
10.3390/curroncol33010053,1,R01160,R01160,CINAHL (EBSCO),10.3390/curroncol33010053,
10.1111/apha.70001,1,R01161,R01161,SPORTDiscus (EBSCO),10.1111/apha.70001,
NCT02454777,2,R01164,R01164;R01281,ClinicalTrials.gov;WHO ICTRP,,
NCT02615054,2,R01165,R01165;R01280,ClinicalTrials.gov;WHO ICTRP,,
NCT02433067,1,R01166,R01166,ClinicalTrials.gov,,
NCT00712881,1,R01167,R01167,ClinicalTrials.gov,,
NCT02132949,1,R01168,R01168,ClinicalTrials.gov,,
NCT05078190,1,R01169,R01169,ClinicalTrials.gov,,
NCT04024462,1,R01171,R01171,ClinicalTrials.gov,,
NCT02019277,1,R01172,R01172,ClinicalTrials.gov,,
NCT04638712,1,R01173,R01173,ClinicalTrials.gov,,
NCT05981326,1,R01174,R01174,ClinicalTrials.gov,,
NCT01771549,1,R01175,R01175,ClinicalTrials.gov,,
NCT06222957,1,R01177,R01177,ClinicalTrials.gov,,
NCT05803889,1,R01178,R01178,ClinicalTrials.gov,,
NCT06123988,1,R01179,R01179,ClinicalTrials.gov,,
NCT03266809,1,R01180,R01180,ClinicalTrials.gov,,
NCT05415215,1,R01181,R01181,ClinicalTrials.gov,,
NCT02541435,1,R01183,R01183,ClinicalTrials.gov,,
NCT01621659,1,R01184,R01184,ClinicalTrials.gov,,
NCT03787966,1,R01185,R01185,ClinicalTrials.gov,,
NCT06518200,1,R01186,R01186,ClinicalTrials.gov,,
NCT03510689,1,R01188,R01188,ClinicalTrials.gov,,
NCT05522959,1,R01190,R01190,ClinicalTrials.gov,,
NCT06672120,2,R01191,R01191;R01255,ClinicalTrials.gov;WHO ICTRP,,
NCT03795493,1,R01193,R01193,ClinicalTrials.gov,,
NCT06302634,1,R01194,R01194,ClinicalTrials.gov,,
NCT05040867,2,R01195,R01195;R01274,ClinicalTrials.gov;WHO ICTRP,,
NCT04737265,1,R01196,R01196,ClinicalTrials.gov,,
NCT04510532,1,R01197,R01197,ClinicalTrials.gov,,
NCT01719562,1,R01198,R01198,ClinicalTrials.gov,,
NCT06781762,1,R01199,R01199,ClinicalTrials.gov,,
NCT01708798,1,R01200,R01200,ClinicalTrials.gov,,
NCT06595316,2,R01201,R01201;R01269,ClinicalTrials.gov;WHO ICTRP,,
NCT06776458,1,R01202,R01202,ClinicalTrials.gov,,
NCT05786014,2,R01203,R01203;R01271,ClinicalTrials.gov;WHO ICTRP,,
NCT02963363,1,R01204,R01204,ClinicalTrials.gov,,
NCT02791581,1,R01205,R01205,ClinicalTrials.gov,,
NCT05297773,1,R01206,R01206,ClinicalTrials.gov,,
NCT05851053,1,R01207,R01207,ClinicalTrials.gov,,
NCT04671693,1,R01208,R01208,ClinicalTrials.gov,,
NCT06491654,1,R01209,R01209,ClinicalTrials.gov,,
NCT02509156,1,R01210,R01210,ClinicalTrials.gov,,
NCT07094360,1,R01211,R01211,ClinicalTrials.gov,,
NCT05081115,1,R01212,R01212,ClinicalTrials.gov,,
NCT05798494,1,R01213,R01213,ClinicalTrials.gov,,
NCT02796365,1,R01214,R01214,ClinicalTrials.gov,,
NCT05036252,2,R01216,R01216;R01273,ClinicalTrials.gov;WHO ICTRP,,
NCT02006979,1,R01217,R01217,ClinicalTrials.gov,,
NCT05787834,1,R01218,R01218,ClinicalTrials.gov,,
NCT06595147,2,R01220,R01220;R01268,ClinicalTrials.gov;WHO ICTRP,,
NCT06309290,1,R01221,R01221,ClinicalTrials.gov,,
NCT06023576,2,R01222,R01222;R01270,ClinicalTrials.gov;WHO ICTRP,,
NCT04914663,1,R01223,R01223,ClinicalTrials.gov,,
NCT06828614,1,R01224,R01224,ClinicalTrials.gov,,
NCT05848141,1,R01225,R01225,ClinicalTrials.gov,,
NCT05241925,1,R01226,R01226,ClinicalTrials.gov,,
NCT04568161,1,R01227,R01227,ClinicalTrials.gov,,
NCT05913713,1,R01228,R01228,ClinicalTrials.gov,,
NCT01554943,1,R01229,R01229,ClinicalTrials.gov,,
NCT06852560,1,R01230,R01230,ClinicalTrials.gov,,
NCT06046755,1,R01231,R01231,ClinicalTrials.gov,,
NCT06789653,1,R01232,R01232,ClinicalTrials.gov,,
NCT05432856,1,R01233,R01233,ClinicalTrials.gov,,
NCT03860740,1,R01234,R01234,ClinicalTrials.gov,,
NCT06782698,1,R01235,R01235,ClinicalTrials.gov,,
NCT07215364,1,R01236,R01236,ClinicalTrials.gov,,
NCT05520515,1,R01237,R01237,ClinicalTrials.gov,,
NCT02110641,1,R01238,R01238,ClinicalTrials.gov,,
NCT05095675,1,R01239,R01239,ClinicalTrials.gov,,
NCT02676531,1,R01240,R01240,ClinicalTrials.gov,,
NCT04467411,2,R01241,R01241;R01257,ClinicalTrials.gov;WHO ICTRP,,
NCT07070778,1,R01242,R01242,ClinicalTrials.gov,,
NCT02702830,1,R01243,R01243,ClinicalTrials.gov,,
NCT05441722,1,R01245,R01245,ClinicalTrials.gov,,
NCT06455904,1,R01246,R01246,ClinicalTrials.gov,,
NCT00847444,1,R01247,R01247,ClinicalTrials.gov,,
NCT03923504,1,R01248,R01248,ClinicalTrials.gov,,
NCT03961685,1,R01249,R01249,ClinicalTrials.gov,,
NCT01961544,1,R01250,R01250,ClinicalTrials.gov,,
NCT03191461,1,R01251,R01251,ClinicalTrials.gov,,
NCT05234502,1,R01252,R01252,ClinicalTrials.gov,,
NCT07405385,1,R01253,R01253,ClinicalTrials.gov,,
ACTRN12616001602415,1,R01263,R01263,WHO ICTRP,,
RBR-2pzz8fx,1,R01266,R01266,WHO ICTRP,,
CHICTR_PROJ_229656,1,R01267,R01267,WHO ICTRP,,
ACTRN12620000439943,1,R01275,R01275,WHO ICTRP,,
NTR_50246,1,R01278,R01278,WHO ICTRP,,
2004-002109-58,1,R01282,R01282,EU Clinical Trials Register,,
